[2026-07-10T13:41:45.737Z] Plugin initialized: 0 commands []
[2026-07-10T13:41:46.001Z] Registered /subtask command
[2026-07-10T13:43:44.653Z] message-hooks: ENTRY msgCount=1, sessions=ses_0b3baeaa8ffee6iNcJxb6OpYKL
[2026-07-10T13:43:44.653Z] message-hooks: MESSAGES: [0]user: text:"implement .agents/specs/Shell-SPEC.md"
[2026-07-10T13:43:44.653Z] message-hooks: post-filter, msgCount=1
[2026-07-10T13:43:44.653Z] message-hooks: about to search for OPENCODE_GENERIC
[2026-07-10T13:43:44.653Z] message-hooks: searching 1 messages for OPENCODE_GENERIC
[2026-07-10T13:43:44.653Z] message-hooks: generic search complete, found=false, index=-1
[2026-07-10T13:43:44.653Z] message-hooks: no generic part found, checking for pending prompt return
[2026-07-10T13:43:51.568Z] message-hooks: ENTRY msgCount=2, sessions=ses_0b3baeaa8ffee6iNcJxb6OpYKL
[2026-07-10T13:43:51.568Z] message-hooks: MESSAGES: [0]user: text:"implement .agents/specs/Shell-SPEC.md" | [1]assistant: step-start, reasoning, tool:completed, tool:completed, step-finish, patch
[2026-07-10T13:43:51.569Z] message-hooks: post-filter, msgCount=2
[2026-07-10T13:43:51.569Z] message-hooks: about to search for OPENCODE_GENERIC
[2026-07-10T13:43:51.569Z] message-hooks: searching 2 messages for OPENCODE_GENERIC
[2026-07-10T13:43:51.569Z] message-hooks: generic search complete, found=false, index=-1
[2026-07-10T13:43:51.569Z] message-hooks: no generic part found, checking for pending prompt return
[2026-07-10T13:44:03.223Z] message-hooks: ENTRY msgCount=3, sessions=ses_0b3baeaa8ffee6iNcJxb6OpYKL
[2026-07-10T13:44:03.223Z] message-hooks: MESSAGES: [0]user: text:"implement .agents/specs/Shell-SPEC.md" | [1]assistant: step-start, reasoning, tool:completed, tool:completed, step-finish, patch | [2]assistant: step-start, reasoning, tool:completed, tool:completed, step-finish, patch
[2026-07-10T13:44:03.223Z] message-hooks: post-filter, msgCount=3
[2026-07-10T13:44:03.223Z] message-hooks: about to search for OPENCODE_GENERIC
[2026-07-10T13:44:03.223Z] message-hooks: searching 3 messages for OPENCODE_GENERIC
[2026-07-10T13:44:03.223Z] message-hooks: generic search complete, found=false, index=-1
[2026-07-10T13:44:03.223Z] message-hooks: no generic part found, checking for pending prompt return
[2026-07-10T13:44:18.016Z] message-hooks: ENTRY msgCount=4, sessions=ses_0b3baeaa8ffee6iNcJxb6OpYKL
[2026-07-10T13:44:18.016Z] message-hooks: MESSAGES: [0]user: text:"implement .agents/specs/Shell-SPEC.md" | [1]assistant: step-start, reasoning, tool:completed, tool:completed, step-finish, patch | [2]assistant: step-start, reasoning, tool:completed, tool:completed, step-finish, patch | [3]assistant: step-start, reasoning, tool:completed, step-finish, patch
[2026-07-10T13:44:18.016Z] message-hooks: post-filter, msgCount=4
[2026-07-10T13:44:18.016Z] message-hooks: about to search for OPENCODE_GENERIC
[2026-07-10T13:44:18.016Z] message-hooks: searching 4 messages for OPENCODE_GENERIC
[2026-07-10T13:44:18.016Z] message-hooks: generic search complete, found=false, index=-1
[2026-07-10T13:44:18.016Z] message-hooks: no generic part found, checking for pending prompt return
[2026-07-10T13:44:37.902Z] message-hooks: ENTRY msgCount=5, sessions=ses_0b3baeaa8ffee6iNcJxb6OpYKL
[2026-07-10T13:44:37.902Z] message-hooks: MESSAGES: [0]user: text:"implement .agents/specs/Shell-SPEC.md" | [1]assistant: step-start, reasoning, tool:completed, tool:completed, step-finish, patch | [2]assistant: step-start, reasoning, tool:completed, tool:completed, step-finish, patch | [3]assistant: step-start, reasoning, tool:completed, step-finish, patch | [4]assistant: step-start, reasoning, tool:completed, step-finish, patch
[2026-07-10T13:44:37.902Z] message-hooks: post-filter, msgCount=5
[2026-07-10T13:44:37.903Z] message-hooks: about to search for OPENCODE_GENERIC
[2026-07-10T13:44:37.903Z] message-hooks: searching 5 messages for OPENCODE_GENERIC
[2026-07-10T13:44:37.903Z] message-hooks: generic search complete, found=false, index=-1
[2026-07-10T13:44:37.903Z] message-hooks: no generic part found, checking for pending prompt return
[2026-07-10T13:44:58.769Z] message-hooks: ENTRY msgCount=6, sessions=ses_0b3baeaa8ffee6iNcJxb6OpYKL
[2026-07-10T13:44:58.770Z] message-hooks: MESSAGES: [0]user: text:"implement .agents/specs/Shell-SPEC.md" | [1]assistant: step-start, reasoning, tool:completed, tool:completed, step-finish, patch | [2]assistant: step-start, reasoning, tool:completed, tool:completed, step-finish, patch | [3]assistant: step-start, reasoning, tool:completed, step-finish, patch | [4]assistant: step-start, reasoning, tool:completed, step-finish, patch | [5]assistant: step-start, reasoning, tool:completed, tool:completed, step-finish, patch
[2026-07-10T13:44:58.770Z] message-hooks: post-filter, msgCount=6
[2026-07-10T13:44:58.770Z] message-hooks: about to search for OPENCODE_GENERIC
[2026-07-10T13:44:58.770Z] message-hooks: searching 6 messages for OPENCODE_GENERIC
[2026-07-10T13:44:58.770Z] message-hooks: generic search complete, found=false, index=-1
[2026-07-10T13:44:58.770Z] message-hooks: no generic part found, checking for pending prompt return
[2026-07-10T13:45:18.826Z] message-hooks: ENTRY msgCount=7, sessions=ses_0b3baeaa8ffee6iNcJxb6OpYKL
[2026-07-10T13:45:18.826Z] message-hooks: MESSAGES: [0]user: text:"implement .agents/specs/Shell-SPEC.md" | [1]assistant: step-start, reasoning, tool:completed, tool:completed, step-finish, patch | [2]assistant: step-start, reasoning, tool:completed, tool:completed, step-finish, patch | [3]assistant: step-start, reasoning, tool:completed, step-finish, patch | [4]assistant: step-start, reasoning, tool:completed, step-finish, patch | [5]assistant: step-start, reasoning, tool:completed, tool:completed, step-finish, patch | [6]assistant: step-start, reasoning, tool:completed, step-finish, patch
[2026-07-10T13:45:18.826Z] message-hooks: post-filter, msgCount=7
[2026-07-10T13:45:18.826Z] message-hooks: about to search for OPENCODE_GENERIC
[2026-07-10T13:45:18.826Z] message-hooks: searching 7 messages for OPENCODE_GENERIC
[2026-07-10T13:45:18.826Z] message-hooks: generic search complete, found=false, index=-1
[2026-07-10T13:45:18.826Z] message-hooks: no generic part found, checking for pending prompt return
[2026-07-10T13:45:35.430Z] message-hooks: ENTRY msgCount=8, sessions=ses_0b3baeaa8ffee6iNcJxb6OpYKL
[2026-07-10T13:45:35.430Z] message-hooks: MESSAGES: [0]user: text:"implement .agents/specs/Shell-SPEC.md" | [1]assistant: step-start, reasoning, tool:completed, tool:completed, step-finish, patch | [2]assistant: step-start, reasoning, tool:completed, tool:completed, step-finish, patch | [3]assistant: step-start, reasoning, tool:completed, step-finish, patch | [4]assistant: step-start, reasoning, tool:completed, step-finish, patch | [5]assistant: step-start, reasoning, tool:completed, tool:completed, step-finish, patch | [6]assistant: step-start, reasoning, tool:completed, step-finish, patch | [7]assistant: step-start, reasoning, tool:completed, step-finish, patch
[2026-07-10T13:45:35.430Z] message-hooks: post-filter, msgCount=8
[2026-07-10T13:45:35.430Z] message-hooks: about to search for OPENCODE_GENERIC
[2026-07-10T13:45:35.430Z] message-hooks: searching 8 messages for OPENCODE_GENERIC
[2026-07-10T13:45:35.430Z] message-hooks: generic search complete, found=false, index=-1
[2026-07-10T13:45:35.430Z] message-hooks: no generic part found, checking for pending prompt return
[2026-07-10T13:46:03.493Z] message-hooks: ENTRY msgCount=9, sessions=ses_0b3baeaa8ffee6iNcJxb6OpYKL
[2026-07-10T13:46:03.493Z] message-hooks: MESSAGES: [0]user: text:"implement .agents/specs/Shell-SPEC.md" | [1]assistant: step-start, reasoning, tool:completed, tool:completed, step-finish, patch | [2]assistant: step-start, reasoning, tool:completed, tool:completed, step-finish, patch | [3]assistant: step-start, reasoning, tool:completed, step-finish, patch | [4]assistant: step-start, reasoning, tool:completed, step-finish, patch | [5]assistant: step-start, reasoning, tool:completed, tool:completed, step-finish, patch | [6]assistant: step-start, reasoning, tool:completed, step-finish, patch | [7]assistant: step-start, reasoning, tool:completed, step-finish, patch | [8]assistant: step-start, reasoning, tool:completed, tool:completed, tool:completed, tool:completed, tool:completed, tool:completed, tool:completed, tool:completed, step-finish, patch
[2026-07-10T13:46:03.493Z] message-hooks: post-filter, msgCount=9
[2026-07-10T13:46:03.493Z] message-hooks: about to search for OPENCODE_GENERIC
[2026-07-10T13:46:03.493Z] message-hooks: searching 9 messages for OPENCODE_GENERIC
[2026-07-10T13:46:03.493Z] message-hooks: generic search complete, found=false, index=-1
[2026-07-10T13:46:03.493Z] message-hooks: no generic part found, checking for pending prompt return
[2026-07-10T13:46:29.320Z] message-hooks: ENTRY msgCount=10, sessions=ses_0b3baeaa8ffee6iNcJxb6OpYKL
[2026-07-10T13:46:29.320Z] message-hooks: MESSAGES: [0]user: text:"implement .agents/specs/Shell-SPEC.md" | [1]assistant: step-start, reasoning, tool:completed, tool:completed, step-finish, patch | [2]assistant: step-start, reasoning, tool:completed, tool:completed, step-finish, patch | [3]assistant: step-start, reasoning, tool:completed, step-finish, patch | [4]assistant: step-start, reasoning, tool:completed, step-finish, patch | [5]assistant: step-start, reasoning, tool:completed, tool:completed, step-finish, patch | [6]assistant: step-start, reasoning, tool:completed, step-finish, patch | [7]assistant: step-start, reasoning, tool:completed, step-finish, patch | [8]assistant: step-start, reasoning, tool:completed, tool:completed, tool:completed, tool:completed, tool:completed, tool:completed, tool:completed, tool:completed, step-finish, patch | [9]assistant: step-start, reasoning, tool:completed, step-finish, patch
[2026-07-10T13:46:29.320Z] message-hooks: post-filter, msgCount=10
[2026-07-10T13:46:29.320Z] message-hooks: about to search for OPENCODE_GENERIC
[2026-07-10T13:46:29.320Z] message-hooks: searching 10 messages for OPENCODE_GENERIC
[2026-07-10T13:46:29.320Z] message-hooks: generic search complete, found=false, index=-1
[2026-07-10T13:46:29.320Z] message-hooks: no generic part found, checking for pending prompt return
[2026-07-10T13:46:41.489Z] message-hooks: ENTRY msgCount=11, sessions=ses_0b3baeaa8ffee6iNcJxb6OpYKL
[2026-07-10T13:46:41.489Z] message-hooks: MESSAGES: [0]user: text:"implement .agents/specs/Shell-SPEC.md" | [1]assistant: step-start, reasoning, tool:completed, tool:completed, step-finish, patch | [2]assistant: step-start, reasoning, tool:completed, tool:completed, step-finish, patch | [3]assistant: step-start, reasoning, tool:completed, step-finish, patch | [4]assistant: step-start, reasoning, tool:completed, step-finish, patch | [5]assistant: step-start, reasoning, tool:completed, tool:completed, step-finish, patch | [6]assistant: step-start, reasoning, tool:completed, step-finish, patch | [7]assistant: step-start, reasoning, tool:completed, step-finish, patch | [8]assistant: step-start, reasoning, tool:completed, tool:completed, tool:completed, tool:completed, tool:completed, tool:completed, tool:completed, tool:completed, step-finish, patch | [9]assistant: step-start, reasoning, tool:completed, step-finish, patch | [10]assistant: step-start, reasoning, tool:completed, step-finish, patch
[2026-07-10T13:46:41.490Z] message-hooks: post-filter, msgCount=11
[2026-07-10T13:46:41.490Z] message-hooks: about to search for OPENCODE_GENERIC
[2026-07-10T13:46:41.490Z] message-hooks: searching 11 messages for OPENCODE_GENERIC
[2026-07-10T13:46:41.490Z] message-hooks: generic search complete, found=false, index=-1
[2026-07-10T13:46:41.490Z] message-hooks: no generic part found, checking for pending prompt return
[2026-07-10T13:48:22.783Z] message-hooks: ENTRY msgCount=12, sessions=ses_0b3baeaa8ffee6iNcJxb6OpYKL
[2026-07-10T13:48:22.784Z] message-hooks: MESSAGES: [0]user: text:"implement .agents/specs/Shell-SPEC.md" | [1]assistant: step-start, reasoning, tool:completed, tool:completed, step-finish, patch | [2]assistant: step-start, reasoning, tool:completed, tool:completed, step-finish, patch | [3]assistant: step-start, reasoning, tool:completed, step-finish, patch | [4]assistant: step-start, reasoning, tool:completed, step-finish, patch | [5]assistant: step-start, reasoning, tool:completed, tool:completed, step-finish, patch | [6]assistant: step-start, reasoning, tool:completed, step-finish, patch | [7]assistant: step-start, reasoning, tool:completed, step-finish, patch | [8]assistant: step-start, reasoning, tool:completed, tool:completed, tool:completed, tool:completed, tool:completed, tool:completed, tool:completed, tool:completed, step-finish, patch | [9]assistant: step-start, reasoning, tool:completed, step-finish, patch | [10]assistant: step-start, reasoning, tool:completed, step-finish, patch | [11]assistant: step-start, reasoning, text:"Now let me create the doctor script, jus...", tool:completed, tool:completed, tool:completed, step-finish, patch
[2026-07-10T13:48:22.785Z] message-hooks: post-filter, msgCount=12
[2026-07-10T13:48:22.785Z] message-hooks: about to search for OPENCODE_GENERIC
[2026-07-10T13:48:22.785Z] message-hooks: searching 12 messages for OPENCODE_GENERIC
[2026-07-10T13:48:22.786Z] message-hooks: generic search complete, found=false, index=-1
[2026-07-10T13:48:22.786Z] message-hooks: no generic part found, checking for pending prompt return
[2026-07-10T13:48:33.769Z] message-hooks: ENTRY msgCount=13, sessions=ses_0b3baeaa8ffee6iNcJxb6OpYKL
[2026-07-10T13:48:33.769Z] message-hooks: MESSAGES: [0]user: text:"implement .agents/specs/Shell-SPEC.md" | [1]assistant: step-start, reasoning, tool:completed, tool:completed, step-finish, patch | [2]assistant: step-start, reasoning, tool:completed, tool:completed, step-finish, patch | [3]assistant: step-start, reasoning, tool:completed, step-finish, patch | [4]assistant: step-start, reasoning, tool:completed, step-finish, patch | [5]assistant: step-start, reasoning, tool:completed, tool:completed, step-finish, patch | [6]assistant: step-start, reasoning, tool:completed, step-finish, patch | [7]assistant: step-start, reasoning, tool:completed, step-finish, patch | [8]assistant: step-start, reasoning, tool:completed, tool:completed, tool:completed, tool:completed, tool:completed, tool:completed, tool:completed, tool:completed, step-finish, patch | [9]assistant: step-start, reasoning, tool:completed, step-finish, patch | [10]assistant: step-start, reasoning, tool:completed, step-finish, patch | [11]assistant: step-start, reasoning, text:"Now let me create the doctor script, jus...", tool:completed, tool:completed, tool:completed, step-finish, patch | [12]assistant: step-start, reasoning, tool:completed, step-finish, patch
[2026-07-10T13:48:33.769Z] message-hooks: post-filter, msgCount=13
[2026-07-10T13:48:33.769Z] message-hooks: about to search for OPENCODE_GENERIC
[2026-07-10T13:48:33.769Z] message-hooks: searching 13 messages for OPENCODE_GENERIC
[2026-07-10T13:48:33.769Z] message-hooks: generic search complete, found=false, index=-1
[2026-07-10T13:48:33.769Z] message-hooks: no generic part found, checking for pending prompt return
[2026-07-10T13:49:06.609Z] session.idle: sessionID=ses_0b3baeaa8ffee6iNcJxb6OpYKL
[2026-07-10T13:50:02.812Z] message-hooks: ENTRY msgCount=16, sessions=ses_0b3baeaa8ffee6iNcJxb6OpYKL
[2026-07-10T13:50:02.812Z] message-hooks: MESSAGES: [0]user: text:"implement .agents/specs/Shell-SPEC.md" | [1]assistant: step-start, reasoning, tool:completed, tool:completed, step-finish, patch | [2]assistant: step-start, reasoning, tool:completed, tool:completed, step-finish, patch | [3]assistant: step-start, reasoning, tool:completed, step-finish, patch | [4]assistant: step-start, reasoning, tool:completed, step-finish, patch | [5]assistant: step-start, reasoning, tool:completed, tool:completed, step-finish, patch | [6]assistant: step-start, reasoning, tool:completed, step-finish, patch | [7]assistant: step-start, reasoning, tool:completed, step-finish, patch | [8]assistant: step-start, reasoning, tool:completed, tool:completed, tool:completed, tool:completed, tool:completed, tool:completed, tool:completed, tool:completed, step-finish, patch | [9]assistant: step-start, reasoning, tool:completed, step-finish, patch | [10]assistant: step-start, reasoning, tool:completed, step-finish, patch | [11]assistant: step-start, reasoning, text:"Now let me create the doctor script, jus...", tool:completed, tool:completed, tool:completed, step-finish, patch | [12]assistant: step-start, reasoning, tool:completed, step-finish, patch | [13]assistant: step-start, reasoning, tool:error, step-finish, patch | [14]user: text:"<pty_exited>
ID: pty_574c69f3
Descriptio..." | [15]user: text:"i have keys already they are in sops/key..."
[2026-07-10T13:50:02.812Z] message-hooks: post-filter, msgCount=16
[2026-07-10T13:50:02.812Z] message-hooks: about to search for OPENCODE_GENERIC
[2026-07-10T13:50:02.812Z] message-hooks: searching 16 messages for OPENCODE_GENERIC
[2026-07-10T13:50:02.813Z] message-hooks: generic search complete, found=false, index=-1
[2026-07-10T13:50:02.813Z] message-hooks: no generic part found, checking for pending prompt return
[2026-07-10T13:50:15.017Z] message-hooks: ENTRY msgCount=17, sessions=ses_0b3baeaa8ffee6iNcJxb6OpYKL
[2026-07-10T13:50:15.017Z] message-hooks: MESSAGES: [0]user: text:"implement .agents/specs/Shell-SPEC.md" | [1]assistant: step-start, reasoning, tool:completed, tool:completed, step-finish, patch | [2]assistant: step-start, reasoning, tool:completed, tool:completed, step-finish, patch | [3]assistant: step-start, reasoning, tool:completed, step-finish, patch | [4]assistant: step-start, reasoning, tool:completed, step-finish, patch | [5]assistant: step-start, reasoning, tool:completed, tool:completed, step-finish, patch | [6]assistant: step-start, reasoning, tool:completed, step-finish, patch | [7]assistant: step-start, reasoning, tool:completed, step-finish, patch | [8]assistant: step-start, reasoning, tool:completed, tool:completed, tool:completed, tool:completed, tool:completed, tool:completed, tool:completed, tool:completed, step-finish, patch | [9]assistant: step-start, reasoning, tool:completed, step-finish, patch | [10]assistant: step-start, reasoning, tool:completed, step-finish, patch | [11]assistant: step-start, reasoning, text:"Now let me create the doctor script, jus...", tool:completed, tool:completed, tool:completed, step-finish, patch | [12]assistant: step-start, reasoning, tool:completed, step-finish, patch | [13]assistant: step-start, reasoning, tool:error, step-finish, patch | [14]user: text:"<pty_exited>
ID: pty_574c69f3
Descriptio..." | [15]user: text:"i have keys already they are in sops/key..." | [16]assistant: step-start, reasoning, tool:completed, step-finish, patch
[2026-07-10T13:50:15.017Z] message-hooks: post-filter, msgCount=17
[2026-07-10T13:50:15.017Z] message-hooks: about to search for OPENCODE_GENERIC
[2026-07-10T13:50:15.017Z] message-hooks: searching 17 messages for OPENCODE_GENERIC
[2026-07-10T13:50:15.017Z] message-hooks: generic search complete, found=false, index=-1
[2026-07-10T13:50:15.017Z] message-hooks: no generic part found, checking for pending prompt return
[2026-07-10T13:50:23.774Z] message-hooks: ENTRY msgCount=18, sessions=ses_0b3baeaa8ffee6iNcJxb6OpYKL
[2026-07-10T13:50:23.774Z] message-hooks: MESSAGES: [0]user: text:"implement .agents/specs/Shell-SPEC.md" | [1]assistant: step-start, reasoning, tool:completed, tool:completed, step-finish, patch | [2]assistant: step-start, reasoning, tool:completed, tool:completed, step-finish, patch | [3]assistant: step-start, reasoning, tool:completed, step-finish, patch | [4]assistant: step-start, reasoning, tool:completed, step-finish, patch | [5]assistant: step-start, reasoning, tool:completed, tool:completed, step-finish, patch | [6]assistant: step-start, reasoning, tool:completed, step-finish, patch | [7]assistant: step-start, reasoning, tool:completed, step-finish, patch | [8]assistant: step-start, reasoning, tool:completed, tool:completed, tool:completed, tool:completed, tool:completed, tool:completed, tool:completed, tool:completed, step-finish, patch | [9]assistant: step-start, reasoning, tool:completed, step-finish, patch | [10]assistant: step-start, reasoning, tool:completed, step-finish, patch | [11]assistant: step-start, reasoning, text:"Now let me create the doctor script, jus...", tool:completed, tool:completed, tool:completed, step-finish, patch | [12]assistant: step-start, reasoning, tool:completed, step-finish, patch | [13]assistant: step-start, reasoning, tool:error, step-finish, patch | [14]user: text:"<pty_exited>
ID: pty_574c69f3
Descriptio..." | [15]user: text:"i have keys already they are in sops/key..." | [16]assistant: step-start, reasoning, tool:completed, step-finish, patch | [17]assistant: step-start, reasoning, tool:completed, step-finish, patch
[2026-07-10T13:50:23.774Z] message-hooks: post-filter, msgCount=18
[2026-07-10T13:50:23.774Z] message-hooks: about to search for OPENCODE_GENERIC
[2026-07-10T13:50:23.774Z] message-hooks: searching 18 messages for OPENCODE_GENERIC
[2026-07-10T13:50:23.774Z] message-hooks: generic search complete, found=false, index=-1
[2026-07-10T13:50:23.774Z] message-hooks: no generic part found, checking for pending prompt return
[2026-07-10T13:50:36.635Z] message-hooks: ENTRY msgCount=19, sessions=ses_0b3baeaa8ffee6iNcJxb6OpYKL
[2026-07-10T13:50:36.635Z] message-hooks: MESSAGES: [0]user: text:"implement .agents/specs/Shell-SPEC.md" | [1]assistant: step-start, reasoning, tool:completed, tool:completed, step-finish, patch | [2]assistant: step-start, reasoning, tool:completed, tool:completed, step-finish, patch | [3]assistant: step-start, reasoning, tool:completed, step-finish, patch | [4]assistant: step-start, reasoning, tool:completed, step-finish, patch | [5]assistant: step-start, reasoning, tool:completed, tool:completed, step-finish, patch | [6]assistant: step-start, reasoning, tool:completed, step-finish, patch | [7]assistant: step-start, reasoning, tool:completed, step-finish, patch | [8]assistant: step-start, reasoning, tool:completed, tool:completed, tool:completed, tool:completed, tool:completed, tool:completed, tool:completed, tool:completed, step-finish, patch | [9]assistant: step-start, reasoning, tool:completed, step-finish, patch | [10]assistant: step-start, reasoning, tool:completed, step-finish, patch | [11]assistant: step-start, reasoning, text:"Now let me create the doctor script, jus...", tool:completed, tool:completed, tool:completed, step-finish, patch | [12]assistant: step-start, reasoning, tool:completed, step-finish, patch | [13]assistant: step-start, reasoning, tool:error, step-finish, patch | [14]user: text:"<pty_exited>
ID: pty_574c69f3
Descriptio..." | [15]user: text:"i have keys already they are in sops/key..." | [16]assistant: step-start, reasoning, tool:completed, step-finish, patch | [17]assistant: step-start, reasoning, tool:completed, step-finish, patch | [18]assistant: step-start, reasoning, tool:completed, step-finish, patch
[2026-07-10T13:50:36.635Z] message-hooks: post-filter, msgCount=19
[2026-07-10T13:50:36.635Z] message-hooks: about to search for OPENCODE_GENERIC
[2026-07-10T13:50:36.635Z] message-hooks: searching 19 messages for OPENCODE_GENERIC
[2026-07-10T13:50:36.635Z] message-hooks: generic search complete, found=false, index=-1
[2026-07-10T13:50:36.635Z] message-hooks: no generic part found, checking for pending prompt return
[2026-07-10T13:50:51.959Z] message-hooks: ENTRY msgCount=20, sessions=ses_0b3baeaa8ffee6iNcJxb6OpYKL
[2026-07-10T13:50:51.959Z] message-hooks: MESSAGES: [0]user: text:"implement .agents/specs/Shell-SPEC.md" | [1]assistant: step-start, reasoning, tool:completed, tool:completed, step-finish, patch | [2]assistant: step-start, reasoning, tool:completed, tool:completed, step-finish, patch | [3]assistant: step-start, reasoning, tool:completed, step-finish, patch | [4]assistant: step-start, reasoning, tool:completed, step-finish, patch | [5]assistant: step-start, reasoning, tool:completed, tool:completed, step-finish, patch | [6]assistant: step-start, reasoning, tool:completed, step-finish, patch | [7]assistant: step-start, reasoning, tool:completed, step-finish, patch | [8]assistant: step-start, reasoning, tool:completed, tool:completed, tool:completed, tool:completed, tool:completed, tool:completed, tool:completed, tool:completed, step-finish, patch | [9]assistant: step-start, reasoning, tool:completed, step-finish, patch | [10]assistant: step-start, reasoning, tool:completed, step-finish, patch | [11]assistant: step-start, reasoning, text:"Now let me create the doctor script, jus...", tool:completed, tool:completed, tool:completed, step-finish, patch | [12]assistant: step-start, reasoning, tool:completed, step-finish, patch | [13]assistant: step-start, reasoning, tool:error, step-finish, patch | [14]user: text:"<pty_exited>
ID: pty_574c69f3
Descriptio..." | [15]user: text:"i have keys already they are in sops/key..." | [16]assistant: step-start, reasoning, tool:completed, step-finish, patch | [17]assistant: step-start, reasoning, tool:completed, step-finish, patch | [18]assistant: step-start, reasoning, tool:completed, step-finish, patch | [19]assistant: step-start, tool:completed, step-finish, patch
[2026-07-10T13:50:51.959Z] message-hooks: post-filter, msgCount=20
[2026-07-10T13:50:51.959Z] message-hooks: about to search for OPENCODE_GENERIC
[2026-07-10T13:50:51.959Z] message-hooks: searching 20 messages for OPENCODE_GENERIC
[2026-07-10T13:50:51.959Z] message-hooks: generic search complete, found=false, index=-1
[2026-07-10T13:50:51.959Z] message-hooks: no generic part found, checking for pending prompt return
[2026-07-10T13:51:03.665Z] message-hooks: ENTRY msgCount=21, sessions=ses_0b3baeaa8ffee6iNcJxb6OpYKL
[2026-07-10T13:51:03.665Z] message-hooks: MESSAGES: [0]user: text:"implement .agents/specs/Shell-SPEC.md" | [1]assistant: step-start, reasoning, tool:completed, tool:completed, step-finish, patch | [2]assistant: step-start, reasoning, tool:completed, tool:completed, step-finish, patch | [3]assistant: step-start, reasoning, tool:completed, step-finish, patch | [4]assistant: step-start, reasoning, tool:completed, step-finish, patch | [5]assistant: step-start, reasoning, tool:completed, tool:completed, step-finish, patch | [6]assistant: step-start, reasoning, tool:completed, step-finish, patch | [7]assistant: step-start, reasoning, tool:completed, step-finish, patch | [8]assistant: step-start, reasoning, tool:completed, tool:completed, tool:completed, tool:completed, tool:completed, tool:completed, tool:completed, tool:completed, step-finish, patch | [9]assistant: step-start, reasoning, tool:completed, step-finish, patch | [10]assistant: step-start, reasoning, tool:completed, step-finish, patch | [11]assistant: step-start, reasoning, text:"Now let me create the doctor script, jus...", tool:completed, tool:completed, tool:completed, step-finish, patch | [12]assistant: step-start, reasoning, tool:completed, step-finish, patch | [13]assistant: step-start, reasoning, tool:error, step-finish, patch | [14]user: text:"<pty_exited>
ID: pty_574c69f3
Descriptio..." | [15]user: text:"i have keys already they are in sops/key..." | [16]assistant: step-start, reasoning, tool:completed, step-finish, patch | [17]assistant: step-start, reasoning, tool:completed, step-finish, patch | [18]assistant: step-start, reasoning, tool:completed, step-finish, patch | [19]assistant: step-start, tool:completed, step-finish, patch | [20]assistant: step-start, reasoning, tool:completed, step-finish, patch
[2026-07-10T13:51:03.665Z] message-hooks: post-filter, msgCount=21
[2026-07-10T13:51:03.665Z] message-hooks: about to search for OPENCODE_GENERIC
[2026-07-10T13:51:03.665Z] message-hooks: searching 21 messages for OPENCODE_GENERIC
[2026-07-10T13:51:03.665Z] message-hooks: generic search complete, found=false, index=-1
[2026-07-10T13:51:03.665Z] message-hooks: no generic part found, checking for pending prompt return
[2026-07-10T13:51:15.905Z] message-hooks: ENTRY msgCount=22, sessions=ses_0b3baeaa8ffee6iNcJxb6OpYKL
[2026-07-10T13:51:15.905Z] message-hooks: MESSAGES: [0]user: text:"implement .agents/specs/Shell-SPEC.md" | [1]assistant: step-start, reasoning, tool:completed, tool:completed, step-finish, patch | [2]assistant: step-start, reasoning, tool:completed, tool:completed, step-finish, patch | [3]assistant: step-start, reasoning, tool:completed, step-finish, patch | [4]assistant: step-start, reasoning, tool:completed, step-finish, patch | [5]assistant: step-start, reasoning, tool:completed, tool:completed, step-finish, patch | [6]assistant: step-start, reasoning, tool:completed, step-finish, patch | [7]assistant: step-start, reasoning, tool:completed, step-finish, patch | [8]assistant: step-start, reasoning, tool:completed, tool:completed, tool:completed, tool:completed, tool:completed, tool:completed, tool:completed, tool:completed, step-finish, patch | [9]assistant: step-start, reasoning, tool:completed, step-finish, patch | [10]assistant: step-start, reasoning, tool:completed, step-finish, patch | [11]assistant: step-start, reasoning, text:"Now let me create the doctor script, jus...", tool:completed, tool:completed, tool:completed, step-finish, patch | [12]assistant: step-start, reasoning, tool:completed, step-finish, patch | [13]assistant: step-start, reasoning, tool:error, step-finish, patch | [14]user: text:"<pty_exited>
ID: pty_574c69f3
Descriptio..." | [15]user: text:"i have keys already they are in sops/key..." | [16]assistant: step-start, reasoning, tool:completed, step-finish, patch | [17]assistant: step-start, reasoning, tool:completed, step-finish, patch | [18]assistant: step-start, reasoning, tool:completed, step-finish, patch | [19]assistant: step-start, tool:completed, step-finish, patch | [20]assistant: step-start, reasoning, tool:completed, step-finish, patch | [21]assistant: step-start, reasoning, tool:completed, step-finish, patch
[2026-07-10T13:51:15.905Z] message-hooks: post-filter, msgCount=22
[2026-07-10T13:51:15.905Z] message-hooks: about to search for OPENCODE_GENERIC
[2026-07-10T13:51:15.905Z] message-hooks: searching 22 messages for OPENCODE_GENERIC
[2026-07-10T13:51:15.905Z] message-hooks: generic search complete, found=false, index=-1
[2026-07-10T13:51:15.905Z] message-hooks: no generic part found, checking for pending prompt return
[2026-07-10T13:51:35.236Z] message-hooks: ENTRY msgCount=23, sessions=ses_0b3baeaa8ffee6iNcJxb6OpYKL
[2026-07-10T13:51:35.236Z] message-hooks: MESSAGES: [0]user: text:"implement .agents/specs/Shell-SPEC.md" | [1]assistant: step-start, reasoning, tool:completed, tool:completed, step-finish, patch | [2]assistant: step-start, reasoning, tool:completed, tool:completed, step-finish, patch | [3]assistant: step-start, reasoning, tool:completed, step-finish, patch | [4]assistant: step-start, reasoning, tool:completed, step-finish, patch | [5]assistant: step-start, reasoning, tool:completed, tool:completed, step-finish, patch | [6]assistant: step-start, reasoning, tool:completed, step-finish, patch | [7]assistant: step-start, reasoning, tool:completed, step-finish, patch | [8]assistant: step-start, reasoning, tool:completed, tool:completed, tool:completed, tool:completed, tool:completed, tool:completed, tool:completed, tool:completed, step-finish, patch | [9]assistant: step-start, reasoning, tool:completed, step-finish, patch | [10]assistant: step-start, reasoning, tool:completed, step-finish, patch | [11]assistant: step-start, reasoning, text:"Now let me create the doctor script, jus...", tool:completed, tool:completed, tool:completed, step-finish, patch | [12]assistant: step-start, reasoning, tool:completed, step-finish, patch | [13]assistant: step-start, reasoning, tool:error, step-finish, patch | [14]user: text:"<pty_exited>
ID: pty_574c69f3
Descriptio..." | [15]user: text:"i have keys already they are in sops/key..." | [16]assistant: step-start, reasoning, tool:completed, step-finish, patch | [17]assistant: step-start, reasoning, tool:completed, step-finish, patch | [18]assistant: step-start, reasoning, tool:completed, step-finish, patch | [19]assistant: step-start, tool:completed, step-finish, patch | [20]assistant: step-start, reasoning, tool:completed, step-finish, patch | [21]assistant: step-start, reasoning, tool:completed, step-finish, patch | [22]assistant: step-start, reasoning, text:"Encrypted profile works. Now the `.envrc...", tool:completed, tool:completed, step-finish, patch
[2026-07-10T13:51:35.236Z] message-hooks: post-filter, msgCount=23
[2026-07-10T13:51:35.236Z] message-hooks: about to search for OPENCODE_GENERIC
[2026-07-10T13:51:35.236Z] message-hooks: searching 23 messages for OPENCODE_GENERIC
[2026-07-10T13:51:35.236Z] message-hooks: generic search complete, found=false, index=-1
[2026-07-10T13:51:35.236Z] message-hooks: no generic part found, checking for pending prompt return
[2026-07-10T13:51:43.250Z] message-hooks: ENTRY msgCount=24, sessions=ses_0b3baeaa8ffee6iNcJxb6OpYKL
[2026-07-10T13:51:43.250Z] message-hooks: MESSAGES: [0]user: text:"implement .agents/specs/Shell-SPEC.md" | [1]assistant: step-start, reasoning, tool:completed, tool:completed, step-finish, patch | [2]assistant: step-start, reasoning, tool:completed, tool:completed, step-finish, patch | [3]assistant: step-start, reasoning, tool:completed, step-finish, patch | [4]assistant: step-start, reasoning, tool:completed, step-finish, patch | [5]assistant: step-start, reasoning, tool:completed, tool:completed, step-finish, patch | [6]assistant: step-start, reasoning, tool:completed, step-finish, patch | [7]assistant: step-start, reasoning, tool:completed, step-finish, patch | [8]assistant: step-start, reasoning, tool:completed, tool:completed, tool:completed, tool:completed, tool:completed, tool:completed, tool:completed, tool:completed, step-finish, patch | [9]assistant: step-start, reasoning, tool:completed, step-finish, patch | [10]assistant: step-start, reasoning, tool:completed, step-finish, patch | [11]assistant: step-start, reasoning, text:"Now let me create the doctor script, jus...", tool:completed, tool:completed, tool:completed, step-finish, patch | [12]assistant: step-start, reasoning, tool:completed, step-finish, patch | [13]assistant: step-start, reasoning, tool:error, step-finish, patch | [14]user: text:"<pty_exited>
ID: pty_574c69f3
Descriptio..." | [15]user: text:"i have keys already they are in sops/key..." | [16]assistant: step-start, reasoning, tool:completed, step-finish, patch | [17]assistant: step-start, reasoning, tool:completed, step-finish, patch | [18]assistant: step-start, reasoning, tool:completed, step-finish, patch | [19]assistant: step-start, tool:completed, step-finish, patch | [20]assistant: step-start, reasoning, tool:completed, step-finish, patch | [21]assistant: step-start, reasoning, tool:completed, step-finish, patch | [22]assistant: step-start, reasoning, text:"Encrypted profile works. Now the `.envrc...", tool:completed, tool:completed, step-finish, patch | [23]assistant: step-start, reasoning, tool:completed, step-finish, patch
[2026-07-10T13:51:43.250Z] message-hooks: post-filter, msgCount=24
[2026-07-10T13:51:43.250Z] message-hooks: about to search for OPENCODE_GENERIC
[2026-07-10T13:51:43.250Z] message-hooks: searching 24 messages for OPENCODE_GENERIC
[2026-07-10T13:51:43.250Z] message-hooks: generic search complete, found=false, index=-1
[2026-07-10T13:51:43.250Z] message-hooks: no generic part found, checking for pending prompt return
[2026-07-10T13:52:09.984Z] message-hooks: ENTRY msgCount=25, sessions=ses_0b3baeaa8ffee6iNcJxb6OpYKL
[2026-07-10T13:52:09.984Z] message-hooks: MESSAGES: [0]user: text:"implement .agents/specs/Shell-SPEC.md" | [1]assistant: step-start, reasoning, tool:completed, tool:completed, step-finish, patch | [2]assistant: step-start, reasoning, tool:completed, tool:completed, step-finish, patch | [3]assistant: step-start, reasoning, tool:completed, step-finish, patch | [4]assistant: step-start, reasoning, tool:completed, step-finish, patch | [5]assistant: step-start, reasoning, tool:completed, tool:completed, step-finish, patch | [6]assistant: step-start, reasoning, tool:completed, step-finish, patch | [7]assistant: step-start, reasoning, tool:completed, step-finish, patch | [8]assistant: step-start, reasoning, tool:completed, tool:completed, tool:completed, tool:completed, tool:completed, tool:completed, tool:completed, tool:completed, step-finish, patch | [9]assistant: step-start, reasoning, tool:completed, step-finish, patch | [10]assistant: step-start, reasoning, tool:completed, step-finish, patch | [11]assistant: step-start, reasoning, text:"Now let me create the doctor script, jus...", tool:completed, tool:completed, tool:completed, step-finish, patch | [12]assistant: step-start, reasoning, tool:completed, step-finish, patch | [13]assistant: step-start, reasoning, tool:error, step-finish, patch | [14]user: text:"<pty_exited>
ID: pty_574c69f3
Descriptio..." | [15]user: text:"i have keys already they are in sops/key..." | [16]assistant: step-start, reasoning, tool:completed, step-finish, patch | [17]assistant: step-start, reasoning, tool:completed, step-finish, patch | [18]assistant: step-start, reasoning, tool:completed, step-finish, patch | [19]assistant: step-start, tool:completed, step-finish, patch | [20]assistant: step-start, reasoning, tool:completed, step-finish, patch | [21]assistant: step-start, reasoning, tool:completed, step-finish, patch | [22]assistant: step-start, reasoning, text:"Encrypted profile works. Now the `.envrc...", tool:completed, tool:completed, step-finish, patch | [23]assistant: step-start, reasoning, tool:completed, step-finish, patch | [24]assistant: step-start, tool:completed, step-finish, patch
[2026-07-10T13:52:09.984Z] message-hooks: post-filter, msgCount=25
[2026-07-10T13:52:09.984Z] message-hooks: about to search for OPENCODE_GENERIC
[2026-07-10T13:52:09.984Z] message-hooks: searching 25 messages for OPENCODE_GENERIC
[2026-07-10T13:52:09.984Z] message-hooks: generic search complete, found=false, index=-1
[2026-07-10T13:52:09.984Z] message-hooks: no generic part found, checking for pending prompt return
[2026-07-10T13:52:13.817Z] message-hooks: ENTRY msgCount=26, sessions=ses_0b3baeaa8ffee6iNcJxb6OpYKL
[2026-07-10T13:52:13.817Z] message-hooks: MESSAGES: [0]user: text:"implement .agents/specs/Shell-SPEC.md" | [1]assistant: step-start, reasoning, tool:completed, tool:completed, step-finish, patch | [2]assistant: step-start, reasoning, tool:completed, tool:completed, step-finish, patch | [3]assistant: step-start, reasoning, tool:completed, step-finish, patch | [4]assistant: step-start, reasoning, tool:completed, step-finish, patch | [5]assistant: step-start, reasoning, tool:completed, tool:completed, step-finish, patch | [6]assistant: step-start, reasoning, tool:completed, step-finish, patch | [7]assistant: step-start, reasoning, tool:completed, step-finish, patch | [8]assistant: step-start, reasoning, tool:completed, tool:completed, tool:completed, tool:completed, tool:completed, tool:completed, tool:completed, tool:completed, step-finish, patch | [9]assistant: step-start, reasoning, tool:completed, step-finish, patch | [10]assistant: step-start, reasoning, tool:completed, step-finish, patch | [11]assistant: step-start, reasoning, text:"Now let me create the doctor script, jus...", tool:completed, tool:completed, tool:completed, step-finish, patch | [12]assistant: step-start, reasoning, tool:completed, step-finish, patch | [13]assistant: step-start, reasoning, tool:error, step-finish, patch | [14]user: text:"<pty_exited>
ID: pty_574c69f3
Descriptio..." | [15]user: text:"i have keys already they are in sops/key..." | [16]assistant: step-start, reasoning, tool:completed, step-finish, patch | [17]assistant: step-start, reasoning, tool:completed, step-finish, patch | [18]assistant: step-start, reasoning, tool:completed, step-finish, patch | [19]assistant: step-start, tool:completed, step-finish, patch | [20]assistant: step-start, reasoning, tool:completed, step-finish, patch | [21]assistant: step-start, reasoning, tool:completed, step-finish, patch | [22]assistant: step-start, reasoning, text:"Encrypted profile works. Now the `.envrc...", tool:completed, tool:completed, step-finish, patch | [23]assistant: step-start, reasoning, tool:completed, step-finish, patch | [24]assistant: step-start, tool:completed, step-finish, patch | [25]assistant: step-start, reasoning, tool:completed, step-finish, patch
[2026-07-10T13:52:13.817Z] message-hooks: post-filter, msgCount=26
[2026-07-10T13:52:13.817Z] message-hooks: about to search for OPENCODE_GENERIC
[2026-07-10T13:52:13.817Z] message-hooks: searching 26 messages for OPENCODE_GENERIC
[2026-07-10T13:52:13.817Z] message-hooks: generic search complete, found=false, index=-1
[2026-07-10T13:52:13.817Z] message-hooks: no generic part found, checking for pending prompt return
[2026-07-10T13:52:24.972Z] message-hooks: ENTRY msgCount=27, sessions=ses_0b3baeaa8ffee6iNcJxb6OpYKL
[2026-07-10T13:52:24.972Z] message-hooks: MESSAGES: [0]user: text:"implement .agents/specs/Shell-SPEC.md" | [1]assistant: step-start, reasoning, tool:completed, tool:completed, step-finish, patch | [2]assistant: step-start, reasoning, tool:completed, tool:completed, step-finish, patch | [3]assistant: step-start, reasoning, tool:completed, step-finish, patch | [4]assistant: step-start, reasoning, tool:completed, step-finish, patch | [5]assistant: step-start, reasoning, tool:completed, tool:completed, step-finish, patch | [6]assistant: step-start, reasoning, tool:completed, step-finish, patch | [7]assistant: step-start, reasoning, tool:completed, step-finish, patch | [8]assistant: step-start, reasoning, tool:completed, tool:completed, tool:completed, tool:completed, tool:completed, tool:completed, tool:completed, tool:completed, step-finish, patch | [9]assistant: step-start, reasoning, tool:completed, step-finish, patch | [10]assistant: step-start, reasoning, tool:completed, step-finish, patch | [11]assistant: step-start, reasoning, text:"Now let me create the doctor script, jus...", tool:completed, tool:completed, tool:completed, step-finish, patch | [12]assistant: step-start, reasoning, tool:completed, step-finish, patch | [13]assistant: step-start, reasoning, tool:error, step-finish, patch | [14]user: text:"<pty_exited>
ID: pty_574c69f3
Descriptio..." | [15]user: text:"i have keys already they are in sops/key..." | [16]assistant: step-start, reasoning, tool:completed, step-finish, patch | [17]assistant: step-start, reasoning, tool:completed, step-finish, patch | [18]assistant: step-start, reasoning, tool:completed, step-finish, patch | [19]assistant: step-start, tool:completed, step-finish, patch | [20]assistant: step-start, reasoning, tool:completed, step-finish, patch | [21]assistant: step-start, reasoning, tool:completed, step-finish, patch | [22]assistant: step-start, reasoning, text:"Encrypted profile works. Now the `.envrc...", tool:completed, tool:completed, step-finish, patch | [23]assistant: step-start, reasoning, tool:completed, step-finish, patch | [24]assistant: step-start, tool:completed, step-finish, patch | [25]assistant: step-start, reasoning, tool:completed, step-finish, patch | [26]assistant: step-start, reasoning, tool:completed, step-finish, patch
[2026-07-10T13:52:24.972Z] message-hooks: post-filter, msgCount=27
[2026-07-10T13:52:24.972Z] message-hooks: about to search for OPENCODE_GENERIC
[2026-07-10T13:52:24.972Z] message-hooks: searching 27 messages for OPENCODE_GENERIC
[2026-07-10T13:52:24.972Z] message-hooks: generic search complete, found=false, index=-1
[2026-07-10T13:52:24.972Z] message-hooks: no generic part found, checking for pending prompt return
[2026-07-10T13:52:49.557Z] message-hooks: ENTRY msgCount=28, sessions=ses_0b3baeaa8ffee6iNcJxb6OpYKL
[2026-07-10T13:52:49.557Z] message-hooks: MESSAGES: [0]user: text:"implement .agents/specs/Shell-SPEC.md" | [1]assistant: step-start, reasoning, tool:completed, tool:completed, step-finish, patch | [2]assistant: step-start, reasoning, tool:completed, tool:completed, step-finish, patch | [3]assistant: step-start, reasoning, tool:completed, step-finish, patch | [4]assistant: step-start, reasoning, tool:completed, step-finish, patch | [5]assistant: step-start, reasoning, tool:completed, tool:completed, step-finish, patch | [6]assistant: step-start, reasoning, tool:completed, step-finish, patch | [7]assistant: step-start, reasoning, tool:completed, step-finish, patch | [8]assistant: step-start, reasoning, tool:completed, tool:completed, tool:completed, tool:completed, tool:completed, tool:completed, tool:completed, tool:completed, step-finish, patch | [9]assistant: step-start, reasoning, tool:completed, step-finish, patch | [10]assistant: step-start, reasoning, tool:completed, step-finish, patch | [11]assistant: step-start, reasoning, text:"Now let me create the doctor script, jus...", tool:completed, tool:completed, tool:completed, step-finish, patch | [12]assistant: step-start, reasoning, tool:completed, step-finish, patch | [13]assistant: step-start, reasoning, tool:error, step-finish, patch | [14]user: text:"<pty_exited>
ID: pty_574c69f3
Descriptio..." | [15]user: text:"i have keys already they are in sops/key..." | [16]assistant: step-start, reasoning, tool:completed, step-finish, patch | [17]assistant: step-start, reasoning, tool:completed, step-finish, patch | [18]assistant: step-start, reasoning, tool:completed, step-finish, patch | [19]assistant: step-start, tool:completed, step-finish, patch | [20]assistant: step-start, reasoning, tool:completed, step-finish, patch | [21]assistant: step-start, reasoning, tool:completed, step-finish, patch | [22]assistant: step-start, reasoning, text:"Encrypted profile works. Now the `.envrc...", tool:completed, tool:completed, step-finish, patch | [23]assistant: step-start, reasoning, tool:completed, step-finish, patch | [24]assistant: step-start, tool:completed, step-finish, patch | [25]assistant: step-start, reasoning, tool:completed, step-finish, patch | [26]assistant: step-start, reasoning, tool:completed, step-finish, patch | [27]assistant: step-start, tool:completed, step-finish, patch
[2026-07-10T13:52:49.557Z] message-hooks: post-filter, msgCount=28
[2026-07-10T13:52:49.557Z] message-hooks: about to search for OPENCODE_GENERIC
[2026-07-10T13:52:49.557Z] message-hooks: searching 28 messages for OPENCODE_GENERIC
[2026-07-10T13:52:49.557Z] message-hooks: generic search complete, found=false, index=-1
[2026-07-10T13:52:49.557Z] message-hooks: no generic part found, checking for pending prompt return
[2026-07-10T13:54:08.139Z] message-hooks: ENTRY msgCount=29, sessions=ses_0b3baeaa8ffee6iNcJxb6OpYKL
[2026-07-10T13:54:08.139Z] message-hooks: MESSAGES: [0]user: text:"implement .agents/specs/Shell-SPEC.md" | [1]assistant: step-start, reasoning, tool:completed, tool:completed, step-finish, patch | [2]assistant: step-start, reasoning, tool:completed, tool:completed, step-finish, patch | [3]assistant: step-start, reasoning, tool:completed, step-finish, patch | [4]assistant: step-start, reasoning, tool:completed, step-finish, patch | [5]assistant: step-start, reasoning, tool:completed, tool:completed, step-finish, patch | [6]assistant: step-start, reasoning, tool:completed, step-finish, patch | [7]assistant: step-start, reasoning, tool:completed, step-finish, patch | [8]assistant: step-start, reasoning, tool:completed, tool:completed, tool:completed, tool:completed, tool:completed, tool:completed, tool:completed, tool:completed, step-finish, patch | [9]assistant: step-start, reasoning, tool:completed, step-finish, patch | [10]assistant: step-start, reasoning, tool:completed, step-finish, patch | [11]assistant: step-start, reasoning, text:"Now let me create the doctor script, jus...", tool:completed, tool:completed, tool:completed, step-finish, patch | [12]assistant: step-start, reasoning, tool:completed, step-finish, patch | [13]assistant: step-start, reasoning, tool:error, step-finish, patch | [14]user: text:"<pty_exited>
ID: pty_574c69f3
Descriptio..." | [15]user: text:"i have keys already they are in sops/key..." | [16]assistant: step-start, reasoning, tool:completed, step-finish, patch | [17]assistant: step-start, reasoning, tool:completed, step-finish, patch | [18]assistant: step-start, reasoning, tool:completed, step-finish, patch | [19]assistant: step-start, tool:completed, step-finish, patch | [20]assistant: step-start, reasoning, tool:completed, step-finish, patch | [21]assistant: step-start, reasoning, tool:completed, step-finish, patch | [22]assistant: step-start, reasoning, text:"Encrypted profile works. Now the `.envrc...", tool:completed, tool:completed, step-finish, patch | [23]assistant: step-start, reasoning, tool:completed, step-finish, patch | [24]assistant: step-start, tool:completed, step-finish, patch | [25]assistant: step-start, reasoning, tool:completed, step-finish, patch | [26]assistant: step-start, reasoning, tool:completed, step-finish, patch | [27]assistant: step-start, tool:completed, step-finish, patch | [28]assistant: step-start, reasoning, text:"Now let me verify the foundation works e...", tool:completed, step-finish, patch
[2026-07-10T13:54:08.139Z] message-hooks: post-filter, msgCount=29
[2026-07-10T13:54:08.139Z] message-hooks: about to search for OPENCODE_GENERIC
[2026-07-10T13:54:08.140Z] message-hooks: searching 29 messages for OPENCODE_GENERIC
[2026-07-10T13:54:08.140Z] message-hooks: generic search complete, found=false, index=-1
[2026-07-10T13:54:08.140Z] message-hooks: no generic part found, checking for pending prompt return
[2026-07-10T13:54:44.029Z] message-hooks: ENTRY msgCount=30, sessions=ses_0b3baeaa8ffee6iNcJxb6OpYKL
[2026-07-10T13:54:44.029Z] message-hooks: MESSAGES: [0]user: text:"implement .agents/specs/Shell-SPEC.md" | [1]assistant: step-start, reasoning, tool:completed, tool:completed, step-finish, patch | [2]assistant: step-start, reasoning, tool:completed, tool:completed, step-finish, patch | [3]assistant: step-start, reasoning, tool:completed, step-finish, patch | [4]assistant: step-start, reasoning, tool:completed, step-finish, patch | [5]assistant: step-start, reasoning, tool:completed, tool:completed, step-finish, patch | [6]assistant: step-start, reasoning, tool:completed, step-finish, patch | [7]assistant: step-start, reasoning, tool:completed, step-finish, patch | [8]assistant: step-start, reasoning, tool:completed, tool:completed, tool:completed, tool:completed, tool:completed, tool:completed, tool:completed, tool:completed, step-finish, patch | [9]assistant: step-start, reasoning, tool:completed, step-finish, patch | [10]assistant: step-start, reasoning, tool:completed, step-finish, patch | [11]assistant: step-start, reasoning, text:"Now let me create the doctor script, jus...", tool:completed, tool:completed, tool:completed, step-finish, patch | [12]assistant: step-start, reasoning, tool:completed, step-finish, patch | [13]assistant: step-start, reasoning, tool:error, step-finish, patch | [14]user: text:"<pty_exited>
ID: pty_574c69f3
Descriptio..." | [15]user: text:"i have keys already they are in sops/key..." | [16]assistant: step-start, reasoning, tool:completed, step-finish, patch | [17]assistant: step-start, reasoning, tool:completed, step-finish, patch | [18]assistant: step-start, reasoning, tool:completed, step-finish, patch | [19]assistant: step-start, tool:completed, step-finish, patch | [20]assistant: step-start, reasoning, tool:completed, step-finish, patch | [21]assistant: step-start, reasoning, tool:completed, step-finish, patch | [22]assistant: step-start, reasoning, text:"Encrypted profile works. Now the `.envrc...", tool:completed, tool:completed, step-finish, patch | [23]assistant: step-start, reasoning, tool:completed, step-finish, patch | [24]assistant: step-start, tool:completed, step-finish, patch | [25]assistant: step-start, reasoning, tool:completed, step-finish, patch | [26]assistant: step-start, reasoning, tool:completed, step-finish, patch | [27]assistant: step-start, tool:completed, step-finish, patch | [28]assistant: step-start, reasoning, text:"Now let me verify the foundation works e...", tool:completed, step-finish, patch | [29]assistant: step-start, reasoning, text:"Doctor works and correctly caught a drif...", tool:completed, step-finish, patch
[2026-07-10T13:54:44.029Z] message-hooks: post-filter, msgCount=30
[2026-07-10T13:54:44.029Z] message-hooks: about to search for OPENCODE_GENERIC
[2026-07-10T13:54:44.029Z] message-hooks: searching 30 messages for OPENCODE_GENERIC
[2026-07-10T13:54:44.029Z] message-hooks: generic search complete, found=false, index=-1
[2026-07-10T13:54:44.029Z] message-hooks: no generic part found, checking for pending prompt return
[2026-07-10T13:55:46.900Z] message-hooks: ENTRY msgCount=31, sessions=ses_0b3baeaa8ffee6iNcJxb6OpYKL
[2026-07-10T13:55:46.900Z] message-hooks: MESSAGES: [0]user: text:"implement .agents/specs/Shell-SPEC.md" | [1]assistant: step-start, reasoning, tool:completed, tool:completed, step-finish, patch | [2]assistant: step-start, reasoning, tool:completed, tool:completed, step-finish, patch | [3]assistant: step-start, reasoning, tool:completed, step-finish, patch | [4]assistant: step-start, reasoning, tool:completed, step-finish, patch | [5]assistant: step-start, reasoning, tool:completed, tool:completed, step-finish, patch | [6]assistant: step-start, reasoning, tool:completed, step-finish, patch | [7]assistant: step-start, reasoning, tool:completed, step-finish, patch | [8]assistant: step-start, reasoning, tool:completed, tool:completed, tool:completed, tool:completed, tool:completed, tool:completed, tool:completed, tool:completed, step-finish, patch | [9]assistant: step-start, reasoning, tool:completed, step-finish, patch | [10]assistant: step-start, reasoning, tool:completed, step-finish, patch | [11]assistant: step-start, reasoning, text:"Now let me create the doctor script, jus...", tool:completed, tool:completed, tool:completed, step-finish, patch | [12]assistant: step-start, reasoning, tool:completed, step-finish, patch | [13]assistant: step-start, reasoning, tool:error, step-finish, patch | [14]user: text:"<pty_exited>
ID: pty_574c69f3
Descriptio..." | [15]user: text:"i have keys already they are in sops/key..." | [16]assistant: step-start, reasoning, tool:completed, step-finish, patch | [17]assistant: step-start, reasoning, tool:completed, step-finish, patch | [18]assistant: step-start, reasoning, tool:completed, step-finish, patch | [19]assistant: step-start, tool:completed, step-finish, patch | [20]assistant: step-start, reasoning, tool:completed, step-finish, patch | [21]assistant: step-start, reasoning, tool:completed, step-finish, patch | [22]assistant: step-start, reasoning, text:"Encrypted profile works. Now the `.envrc...", tool:completed, tool:completed, step-finish, patch | [23]assistant: step-start, reasoning, tool:completed, step-finish, patch | [24]assistant: step-start, tool:completed, step-finish, patch | [25]assistant: step-start, reasoning, tool:completed, step-finish, patch | [26]assistant: step-start, reasoning, tool:completed, step-finish, patch | [27]assistant: step-start, tool:completed, step-finish, patch | [28]assistant: step-start, reasoning, text:"Now let me verify the foundation works e...", tool:completed, step-finish, patch | [29]assistant: step-start, reasoning, text:"Doctor works and correctly caught a drif...", tool:completed, step-finish, patch | [30]assistant: step-start, reasoning, text:"Found it: devbox's `rustup` package forc...", tool:completed, step-finish, patch
[2026-07-10T13:55:46.900Z] message-hooks: post-filter, msgCount=31
[2026-07-10T13:55:46.900Z] message-hooks: about to search for OPENCODE_GENERIC
[2026-07-10T13:55:46.900Z] message-hooks: searching 31 messages for OPENCODE_GENERIC
[2026-07-10T13:55:46.900Z] message-hooks: generic search complete, found=false, index=-1
[2026-07-10T13:55:46.900Z] message-hooks: no generic part found, checking for pending prompt return
[2026-07-10T13:56:25.836Z] message-hooks: ENTRY msgCount=32, sessions=ses_0b3baeaa8ffee6iNcJxb6OpYKL
[2026-07-10T13:56:25.836Z] message-hooks: MESSAGES: [0]user: text:"implement .agents/specs/Shell-SPEC.md" | [1]assistant: step-start, reasoning, tool:completed, tool:completed, step-finish, patch | [2]assistant: step-start, reasoning, tool:completed, tool:completed, step-finish, patch | [3]assistant: step-start, reasoning, tool:completed, step-finish, patch | [4]assistant: step-start, reasoning, tool:completed, step-finish, patch | [5]assistant: step-start, reasoning, tool:completed, tool:completed, step-finish, patch | [6]assistant: step-start, reasoning, tool:completed, step-finish, patch | [7]assistant: step-start, reasoning, tool:completed, step-finish, patch | [8]assistant: step-start, reasoning, tool:completed, tool:completed, tool:completed, tool:completed, tool:completed, tool:completed, tool:completed, tool:completed, step-finish, patch | [9]assistant: step-start, reasoning, tool:completed, step-finish, patch | [10]assistant: step-start, reasoning, tool:completed, step-finish, patch | [11]assistant: step-start, reasoning, text:"Now let me create the doctor script, jus...", tool:completed, tool:completed, tool:completed, step-finish, patch | [12]assistant: step-start, reasoning, tool:completed, step-finish, patch | [13]assistant: step-start, reasoning, tool:error, step-finish, patch | [14]user: text:"<pty_exited>
ID: pty_574c69f3
Descriptio..." | [15]user: text:"i have keys already they are in sops/key..." | [16]assistant: step-start, reasoning, tool:completed, step-finish, patch | [17]assistant: step-start, reasoning, tool:completed, step-finish, patch | [18]assistant: step-start, reasoning, tool:completed, step-finish, patch | [19]assistant: step-start, tool:completed, step-finish, patch | [20]assistant: step-start, reasoning, tool:completed, step-finish, patch | [21]assistant: step-start, reasoning, tool:completed, step-finish, patch | [22]assistant: step-start, reasoning, text:"Encrypted profile works. Now the `.envrc...", tool:completed, tool:completed, step-finish, patch | [23]assistant: step-start, reasoning, tool:completed, step-finish, patch | [24]assistant: step-start, tool:completed, step-finish, patch | [25]assistant: step-start, reasoning, tool:completed, step-finish, patch | [26]assistant: step-start, reasoning, tool:completed, step-finish, patch | [27]assistant: step-start, tool:completed, step-finish, patch | [28]assistant: step-start, reasoning, text:"Now let me verify the foundation works e...", tool:completed, step-finish, patch | [29]assistant: step-start, reasoning, text:"Doctor works and correctly caught a drif...", tool:completed, step-finish, patch | [30]assistant: step-start, reasoning, text:"Found it: devbox's `rustup` package forc...", tool:completed, step-finish, patch | [31]assistant: step-start, reasoning, text:"The `env` override works but needs `just...", tool:completed, step-finish, patch
[2026-07-10T13:56:25.836Z] message-hooks: post-filter, msgCount=32
[2026-07-10T13:56:25.836Z] message-hooks: about to search for OPENCODE_GENERIC
[2026-07-10T13:56:25.836Z] message-hooks: searching 32 messages for OPENCODE_GENERIC
[2026-07-10T13:56:25.836Z] message-hooks: generic search complete, found=false, index=-1
[2026-07-10T13:56:25.836Z] message-hooks: no generic part found, checking for pending prompt return
[2026-07-10T13:58:00.775Z] message-hooks: ENTRY msgCount=33, sessions=ses_0b3baeaa8ffee6iNcJxb6OpYKL
[2026-07-10T13:58:00.776Z] message-hooks: MESSAGES: [0]user: text:"implement .agents/specs/Shell-SPEC.md" | [1]assistant: step-start, reasoning, tool:completed, tool:completed, step-finish, patch | [2]assistant: step-start, reasoning, tool:completed, tool:completed, step-finish, patch | [3]assistant: step-start, reasoning, tool:completed, step-finish, patch | [4]assistant: step-start, reasoning, tool:completed, step-finish, patch | [5]assistant: step-start, reasoning, tool:completed, tool:completed, step-finish, patch | [6]assistant: step-start, reasoning, tool:completed, step-finish, patch | [7]assistant: step-start, reasoning, tool:completed, step-finish, patch | [8]assistant: step-start, reasoning, tool:completed, tool:completed, tool:completed, tool:completed, tool:completed, tool:completed, tool:completed, tool:completed, step-finish, patch | [9]assistant: step-start, reasoning, tool:completed, step-finish, patch | [10]assistant: step-start, reasoning, tool:completed, step-finish, patch | [11]assistant: step-start, reasoning, text:"Now let me create the doctor script, jus...", tool:completed, tool:completed, tool:completed, step-finish, patch | [12]assistant: step-start, reasoning, tool:completed, step-finish, patch | [13]assistant: step-start, reasoning, tool:error, step-finish, patch | [14]user: text:"<pty_exited>
ID: pty_574c69f3
Descriptio..." | [15]user: text:"i have keys already they are in sops/key..." | [16]assistant: step-start, reasoning, tool:completed, step-finish, patch | [17]assistant: step-start, reasoning, tool:completed, step-finish, patch | [18]assistant: step-start, reasoning, tool:completed, step-finish, patch | [19]assistant: step-start, tool:completed, step-finish, patch | [20]assistant: step-start, reasoning, tool:completed, step-finish, patch | [21]assistant: step-start, reasoning, tool:completed, step-finish, patch | [22]assistant: step-start, reasoning, text:"Encrypted profile works. Now the `.envrc...", tool:completed, tool:completed, step-finish, patch | [23]assistant: step-start, reasoning, tool:completed, step-finish, patch | [24]assistant: step-start, tool:completed, step-finish, patch | [25]assistant: step-start, reasoning, tool:completed, step-finish, patch | [26]assistant: step-start, reasoning, tool:completed, step-finish, patch | [27]assistant: step-start, tool:completed, step-finish, patch | [28]assistant: step-start, reasoning, text:"Now let me verify the foundation works e...", tool:completed, step-finish, patch | [29]assistant: step-start, reasoning, text:"Doctor works and correctly caught a drif...", tool:completed, step-finish, patch | [30]assistant: step-start, reasoning, text:"Found it: devbox's `rustup` package forc...", tool:completed, step-finish, patch | [31]assistant: step-start, reasoning, text:"The `env` override works but needs `just...", tool:completed, step-finish, patch | [32]assistant: step-start, reasoning, tool:completed, patch, step-finish
[2026-07-10T13:58:00.779Z] message-hooks: post-filter, msgCount=33
[2026-07-10T13:58:00.780Z] message-hooks: about to search for OPENCODE_GENERIC
[2026-07-10T13:58:00.780Z] message-hooks: searching 33 messages for OPENCODE_GENERIC
[2026-07-10T13:58:00.781Z] message-hooks: generic search complete, found=false, index=-1
[2026-07-10T13:58:00.781Z] message-hooks: no generic part found, checking for pending prompt return
[2026-07-10T13:58:15.618Z] message-hooks: ENTRY msgCount=34, sessions=ses_0b3baeaa8ffee6iNcJxb6OpYKL
[2026-07-10T13:58:15.618Z] message-hooks: MESSAGES: [0]user: text:"implement .agents/specs/Shell-SPEC.md" | [1]assistant: step-start, reasoning, tool:completed, tool:completed, step-finish, patch | [2]assistant: step-start, reasoning, tool:completed, tool:completed, step-finish, patch | [3]assistant: step-start, reasoning, tool:completed, step-finish, patch | [4]assistant: step-start, reasoning, tool:completed, step-finish, patch | [5]assistant: step-start, reasoning, tool:completed, tool:completed, step-finish, patch | [6]assistant: step-start, reasoning, tool:completed, step-finish, patch | [7]assistant: step-start, reasoning, tool:completed, step-finish, patch | [8]assistant: step-start, reasoning, tool:completed, tool:completed, tool:completed, tool:completed, tool:completed, tool:completed, tool:completed, tool:completed, step-finish, patch | [9]assistant: step-start, reasoning, tool:completed, step-finish, patch | [10]assistant: step-start, reasoning, tool:completed, step-finish, patch | [11]assistant: step-start, reasoning, text:"Now let me create the doctor script, jus...", tool:completed, tool:completed, tool:completed, step-finish, patch | [12]assistant: step-start, reasoning, tool:completed, step-finish, patch | [13]assistant: step-start, reasoning, tool:error, step-finish, patch | [14]user: text:"<pty_exited>
ID: pty_574c69f3
Descriptio..." | [15]user: text:"i have keys already they are in sops/key..." | [16]assistant: step-start, reasoning, tool:completed, step-finish, patch | [17]assistant: step-start, reasoning, tool:completed, step-finish, patch | [18]assistant: step-start, reasoning, tool:completed, step-finish, patch | [19]assistant: step-start, tool:completed, step-finish, patch | [20]assistant: step-start, reasoning, tool:completed, step-finish, patch | [21]assistant: step-start, reasoning, tool:completed, step-finish, patch | [22]assistant: step-start, reasoning, text:"Encrypted profile works. Now the `.envrc...", tool:completed, tool:completed, step-finish, patch | [23]assistant: step-start, reasoning, tool:completed, step-finish, patch | [24]assistant: step-start, tool:completed, step-finish, patch | [25]assistant: step-start, reasoning, tool:completed, step-finish, patch | [26]assistant: step-start, reasoning, tool:completed, step-finish, patch | [27]assistant: step-start, tool:completed, step-finish, patch | [28]assistant: step-start, reasoning, text:"Now let me verify the foundation works e...", tool:completed, step-finish, patch | [29]assistant: step-start, reasoning, text:"Doctor works and correctly caught a drif...", tool:completed, step-finish, patch | [30]assistant: step-start, reasoning, text:"Found it: devbox's `rustup` package forc...", tool:completed, step-finish, patch | [31]assistant: step-start, reasoning, text:"The `env` override works but needs `just...", tool:completed, step-finish, patch | [32]assistant: step-start, reasoning, tool:completed, patch, step-finish | [33]assistant: step-start, reasoning, tool:completed, step-finish, patch
[2026-07-10T13:58:15.618Z] message-hooks: post-filter, msgCount=34
[2026-07-10T13:58:15.618Z] message-hooks: about to search for OPENCODE_GENERIC
[2026-07-10T13:58:15.618Z] message-hooks: searching 34 messages for OPENCODE_GENERIC
[2026-07-10T13:58:15.618Z] message-hooks: generic search complete, found=false, index=-1
[2026-07-10T13:58:15.618Z] message-hooks: no generic part found, checking for pending prompt return
[2026-07-10T13:58:33.499Z] message-hooks: ENTRY msgCount=35, sessions=ses_0b3baeaa8ffee6iNcJxb6OpYKL
[2026-07-10T13:58:33.499Z] message-hooks: MESSAGES: [0]user: text:"implement .agents/specs/Shell-SPEC.md" | [1]assistant: step-start, reasoning, tool:completed, tool:completed, step-finish, patch | [2]assistant: step-start, reasoning, tool:completed, tool:completed, step-finish, patch | [3]assistant: step-start, reasoning, tool:completed, step-finish, patch | [4]assistant: step-start, reasoning, tool:completed, step-finish, patch | [5]assistant: step-start, reasoning, tool:completed, tool:completed, step-finish, patch | [6]assistant: step-start, reasoning, tool:completed, step-finish, patch | [7]assistant: step-start, reasoning, tool:completed, step-finish, patch | [8]assistant: step-start, reasoning, tool:completed, tool:completed, tool:completed, tool:completed, tool:completed, tool:completed, tool:completed, tool:completed, step-finish, patch | [9]assistant: step-start, reasoning, tool:completed, step-finish, patch | [10]assistant: step-start, reasoning, tool:completed, step-finish, patch | [11]assistant: step-start, reasoning, text:"Now let me create the doctor script, jus...", tool:completed, tool:completed, tool:completed, step-finish, patch | [12]assistant: step-start, reasoning, tool:completed, step-finish, patch | [13]assistant: step-start, reasoning, tool:error, step-finish, patch | [14]user: text:"<pty_exited>
ID: pty_574c69f3
Descriptio..." | [15]user: text:"i have keys already they are in sops/key..." | [16]assistant: step-start, reasoning, tool:completed, step-finish, patch | [17]assistant: step-start, reasoning, tool:completed, step-finish, patch | [18]assistant: step-start, reasoning, tool:completed, step-finish, patch | [19]assistant: step-start, tool:completed, step-finish, patch | [20]assistant: step-start, reasoning, tool:completed, step-finish, patch | [21]assistant: step-start, reasoning, tool:completed, step-finish, patch | [22]assistant: step-start, reasoning, text:"Encrypted profile works. Now the `.envrc...", tool:completed, tool:completed, step-finish, patch | [23]assistant: step-start, reasoning, tool:completed, step-finish, patch | [24]assistant: step-start, tool:completed, step-finish, patch | [25]assistant: step-start, reasoning, tool:completed, step-finish, patch | [26]assistant: step-start, reasoning, tool:completed, step-finish, patch | [27]assistant: step-start, tool:completed, step-finish, patch | [28]assistant: step-start, reasoning, text:"Now let me verify the foundation works e...", tool:completed, step-finish, patch | [29]assistant: step-start, reasoning, text:"Doctor works and correctly caught a drif...", tool:completed, step-finish, patch | [30]assistant: step-start, reasoning, text:"Found it: devbox's `rustup` package forc...", tool:completed, step-finish, patch | [31]assistant: step-start, reasoning, text:"The `env` override works but needs `just...", tool:completed, step-finish, patch | [32]assistant: step-start, reasoning, tool:completed, patch, step-finish | [33]assistant: step-start, reasoning, tool:completed, step-finish, patch | [34]assistant: step-start, reasoning, text:"Doctor is green. Now `just check` and `j...", tool:completed, step-finish, patch
[2026-07-10T13:58:33.499Z] message-hooks: post-filter, msgCount=35
[2026-07-10T13:58:33.499Z] message-hooks: about to search for OPENCODE_GENERIC
[2026-07-10T13:58:33.499Z] message-hooks: searching 35 messages for OPENCODE_GENERIC
[2026-07-10T13:58:33.499Z] message-hooks: generic search complete, found=false, index=-1
[2026-07-10T13:58:33.499Z] message-hooks: no generic part found, checking for pending prompt return
[2026-07-10T13:58:52.879Z] message-hooks: ENTRY msgCount=36, sessions=ses_0b3baeaa8ffee6iNcJxb6OpYKL
[2026-07-10T13:58:52.879Z] message-hooks: MESSAGES: [0]user: text:"implement .agents/specs/Shell-SPEC.md" | [1]assistant: step-start, reasoning, tool:completed, tool:completed, step-finish, patch | [2]assistant: step-start, reasoning, tool:completed, tool:completed, step-finish, patch | [3]assistant: step-start, reasoning, tool:completed, step-finish, patch | [4]assistant: step-start, reasoning, tool:completed, step-finish, patch | [5]assistant: step-start, reasoning, tool:completed, tool:completed, step-finish, patch | [6]assistant: step-start, reasoning, tool:completed, step-finish, patch | [7]assistant: step-start, reasoning, tool:completed, step-finish, patch | [8]assistant: step-start, reasoning, tool:completed, tool:completed, tool:completed, tool:completed, tool:completed, tool:completed, tool:completed, tool:completed, step-finish, patch | [9]assistant: step-start, reasoning, tool:completed, step-finish, patch | [10]assistant: step-start, reasoning, tool:completed, step-finish, patch | [11]assistant: step-start, reasoning, text:"Now let me create the doctor script, jus...", tool:completed, tool:completed, tool:completed, step-finish, patch | [12]assistant: step-start, reasoning, tool:completed, step-finish, patch | [13]assistant: step-start, reasoning, tool:error, step-finish, patch | [14]user: text:"<pty_exited>
ID: pty_574c69f3
Descriptio..." | [15]user: text:"i have keys already they are in sops/key..." | [16]assistant: step-start, reasoning, tool:completed, step-finish, patch | [17]assistant: step-start, reasoning, tool:completed, step-finish, patch | [18]assistant: step-start, reasoning, tool:completed, step-finish, patch | [19]assistant: step-start, tool:completed, step-finish, patch | [20]assistant: step-start, reasoning, tool:completed, step-finish, patch | [21]assistant: step-start, reasoning, tool:completed, step-finish, patch | [22]assistant: step-start, reasoning, text:"Encrypted profile works. Now the `.envrc...", tool:completed, tool:completed, step-finish, patch | [23]assistant: step-start, reasoning, tool:completed, step-finish, patch | [24]assistant: step-start, tool:completed, step-finish, patch | [25]assistant: step-start, reasoning, tool:completed, step-finish, patch | [26]assistant: step-start, reasoning, tool:completed, step-finish, patch | [27]assistant: step-start, tool:completed, step-finish, patch | [28]assistant: step-start, reasoning, text:"Now let me verify the foundation works e...", tool:completed, step-finish, patch | [29]assistant: step-start, reasoning, text:"Doctor works and correctly caught a drif...", tool:completed, step-finish, patch | [30]assistant: step-start, reasoning, text:"Found it: devbox's `rustup` package forc...", tool:completed, step-finish, patch | [31]assistant: step-start, reasoning, text:"The `env` override works but needs `just...", tool:completed, step-finish, patch | [32]assistant: step-start, reasoning, tool:completed, patch, step-finish | [33]assistant: step-start, reasoning, tool:completed, step-finish, patch | [34]assistant: step-start, reasoning, text:"Doctor is green. Now `just check` and `j...", tool:completed, step-finish, patch | [35]assistant: step-start, reasoning, tool:completed, step-finish, patch
[2026-07-10T13:58:52.879Z] message-hooks: post-filter, msgCount=36
[2026-07-10T13:58:52.879Z] message-hooks: about to search for OPENCODE_GENERIC
[2026-07-10T13:58:52.879Z] message-hooks: searching 36 messages for OPENCODE_GENERIC
[2026-07-10T13:58:52.879Z] message-hooks: generic search complete, found=false, index=-1
[2026-07-10T13:58:52.879Z] message-hooks: no generic part found, checking for pending prompt return
[2026-07-10T13:59:09.128Z] message-hooks: ENTRY msgCount=37, sessions=ses_0b3baeaa8ffee6iNcJxb6OpYKL
[2026-07-10T13:59:09.128Z] message-hooks: MESSAGES: [0]user: text:"implement .agents/specs/Shell-SPEC.md" | [1]assistant: step-start, reasoning, tool:completed, tool:completed, step-finish, patch | [2]assistant: step-start, reasoning, tool:completed, tool:completed, step-finish, patch | [3]assistant: step-start, reasoning, tool:completed, step-finish, patch | [4]assistant: step-start, reasoning, tool:completed, step-finish, patch | [5]assistant: step-start, reasoning, tool:completed, tool:completed, step-finish, patch | [6]assistant: step-start, reasoning, tool:completed, step-finish, patch | [7]assistant: step-start, reasoning, tool:completed, step-finish, patch | [8]assistant: step-start, reasoning, tool:completed, tool:completed, tool:completed, tool:completed, tool:completed, tool:completed, tool:completed, tool:completed, step-finish, patch | [9]assistant: step-start, reasoning, tool:completed, step-finish, patch | [10]assistant: step-start, reasoning, tool:completed, step-finish, patch | [11]assistant: step-start, reasoning, text:"Now let me create the doctor script, jus...", tool:completed, tool:completed, tool:completed, step-finish, patch | [12]assistant: step-start, reasoning, tool:completed, step-finish, patch | [13]assistant: step-start, reasoning, tool:error, step-finish, patch | [14]user: text:"<pty_exited>
ID: pty_574c69f3
Descriptio..." | [15]user: text:"i have keys already they are in sops/key..." | [16]assistant: step-start, reasoning, tool:completed, step-finish, patch | [17]assistant: step-start, reasoning, tool:completed, step-finish, patch | [18]assistant: step-start, reasoning, tool:completed, step-finish, patch | [19]assistant: step-start, tool:completed, step-finish, patch | [20]assistant: step-start, reasoning, tool:completed, step-finish, patch | [21]assistant: step-start, reasoning, tool:completed, step-finish, patch | [22]assistant: step-start, reasoning, text:"Encrypted profile works. Now the `.envrc...", tool:completed, tool:completed, step-finish, patch | [23]assistant: step-start, reasoning, tool:completed, step-finish, patch | [24]assistant: step-start, tool:completed, step-finish, patch | [25]assistant: step-start, reasoning, tool:completed, step-finish, patch | [26]assistant: step-start, reasoning, tool:completed, step-finish, patch | [27]assistant: step-start, tool:completed, step-finish, patch | [28]assistant: step-start, reasoning, text:"Now let me verify the foundation works e...", tool:completed, step-finish, patch | [29]assistant: step-start, reasoning, text:"Doctor works and correctly caught a drif...", tool:completed, step-finish, patch | [30]assistant: step-start, reasoning, text:"Found it: devbox's `rustup` package forc...", tool:completed, step-finish, patch | [31]assistant: step-start, reasoning, text:"The `env` override works but needs `just...", tool:completed, step-finish, patch | [32]assistant: step-start, reasoning, tool:completed, patch, step-finish | [33]assistant: step-start, reasoning, tool:completed, step-finish, patch | [34]assistant: step-start, reasoning, text:"Doctor is green. Now `just check` and `j...", tool:completed, step-finish, patch | [35]assistant: step-start, reasoning, tool:completed, step-finish, patch | [36]assistant: step-start, reasoning, text:"All three gates green. Now verify the se...", tool:completed, step-finish, patch
[2026-07-10T13:59:09.128Z] message-hooks: post-filter, msgCount=37
[2026-07-10T13:59:09.128Z] message-hooks: about to search for OPENCODE_GENERIC
[2026-07-10T13:59:09.128Z] message-hooks: searching 37 messages for OPENCODE_GENERIC
[2026-07-10T13:59:09.128Z] message-hooks: generic search complete, found=false, index=-1
[2026-07-10T13:59:09.128Z] message-hooks: no generic part found, checking for pending prompt return
[2026-07-10T13:59:32.861Z] message-hooks: ENTRY msgCount=38, sessions=ses_0b3baeaa8ffee6iNcJxb6OpYKL
[2026-07-10T13:59:32.861Z] message-hooks: MESSAGES: [0]user: text:"implement .agents/specs/Shell-SPEC.md" | [1]assistant: step-start, reasoning, tool:completed, tool:completed, step-finish, patch | [2]assistant: step-start, reasoning, tool:completed, tool:completed, step-finish, patch | [3]assistant: step-start, reasoning, tool:completed, step-finish, patch | [4]assistant: step-start, reasoning, tool:completed, step-finish, patch | [5]assistant: step-start, reasoning, tool:completed, tool:completed, step-finish, patch | [6]assistant: step-start, reasoning, tool:completed, step-finish, patch | [7]assistant: step-start, reasoning, tool:completed, step-finish, patch | [8]assistant: step-start, reasoning, tool:completed, tool:completed, tool:completed, tool:completed, tool:completed, tool:completed, tool:completed, tool:completed, step-finish, patch | [9]assistant: step-start, reasoning, tool:completed, step-finish, patch | [10]assistant: step-start, reasoning, tool:completed, step-finish, patch | [11]assistant: step-start, reasoning, text:"Now let me create the doctor script, jus...", tool:completed, tool:completed, tool:completed, step-finish, patch | [12]assistant: step-start, reasoning, tool:completed, step-finish, patch | [13]assistant: step-start, reasoning, tool:error, step-finish, patch | [14]user: text:"<pty_exited>
ID: pty_574c69f3
Descriptio..." | [15]user: text:"i have keys already they are in sops/key..." | [16]assistant: step-start, reasoning, tool:completed, step-finish, patch | [17]assistant: step-start, reasoning, tool:completed, step-finish, patch | [18]assistant: step-start, reasoning, tool:completed, step-finish, patch | [19]assistant: step-start, tool:completed, step-finish, patch | [20]assistant: step-start, reasoning, tool:completed, step-finish, patch | [21]assistant: step-start, reasoning, tool:completed, step-finish, patch | [22]assistant: step-start, reasoning, text:"Encrypted profile works. Now the `.envrc...", tool:completed, tool:completed, step-finish, patch | [23]assistant: step-start, reasoning, tool:completed, step-finish, patch | [24]assistant: step-start, tool:completed, step-finish, patch | [25]assistant: step-start, reasoning, tool:completed, step-finish, patch | [26]assistant: step-start, reasoning, tool:completed, step-finish, patch | [27]assistant: step-start, tool:completed, step-finish, patch | [28]assistant: step-start, reasoning, text:"Now let me verify the foundation works e...", tool:completed, step-finish, patch | [29]assistant: step-start, reasoning, text:"Doctor works and correctly caught a drif...", tool:completed, step-finish, patch | [30]assistant: step-start, reasoning, text:"Found it: devbox's `rustup` package forc...", tool:completed, step-finish, patch | [31]assistant: step-start, reasoning, text:"The `env` override works but needs `just...", tool:completed, step-finish, patch | [32]assistant: step-start, reasoning, tool:completed, patch, step-finish | [33]assistant: step-start, reasoning, tool:completed, step-finish, patch | [34]assistant: step-start, reasoning, text:"Doctor is green. Now `just check` and `j...", tool:completed, step-finish, patch | [35]assistant: step-start, reasoning, tool:completed, step-finish, patch | [36]assistant: step-start, reasoning, text:"All three gates green. Now verify the se...", tool:completed, step-finish, patch | [37]assistant: step-start, reasoning, text:"The no-key test didn't trigger because t...", tool:completed, step-finish, patch
[2026-07-10T13:59:32.861Z] message-hooks: post-filter, msgCount=38
[2026-07-10T13:59:32.861Z] message-hooks: about to search for OPENCODE_GENERIC
[2026-07-10T13:59:32.861Z] message-hooks: searching 38 messages for OPENCODE_GENERIC
[2026-07-10T13:59:32.861Z] message-hooks: generic search complete, found=false, index=-1
[2026-07-10T13:59:32.861Z] message-hooks: no generic part found, checking for pending prompt return
[2026-07-10T13:59:56.412Z] message-hooks: ENTRY msgCount=39, sessions=ses_0b3baeaa8ffee6iNcJxb6OpYKL
[2026-07-10T13:59:56.412Z] message-hooks: MESSAGES: [0]user: text:"implement .agents/specs/Shell-SPEC.md" | [1]assistant: step-start, reasoning, tool:completed, tool:completed, step-finish, patch | [2]assistant: step-start, reasoning, tool:completed, tool:completed, step-finish, patch | [3]assistant: step-start, reasoning, tool:completed, step-finish, patch | [4]assistant: step-start, reasoning, tool:completed, step-finish, patch | [5]assistant: step-start, reasoning, tool:completed, tool:completed, step-finish, patch | [6]assistant: step-start, reasoning, tool:completed, step-finish, patch | [7]assistant: step-start, reasoning, tool:completed, step-finish, patch | [8]assistant: step-start, reasoning, tool:completed, tool:completed, tool:completed, tool:completed, tool:completed, tool:completed, tool:completed, tool:completed, step-finish, patch | [9]assistant: step-start, reasoning, tool:completed, step-finish, patch | [10]assistant: step-start, reasoning, tool:completed, step-finish, patch | [11]assistant: step-start, reasoning, text:"Now let me create the doctor script, jus...", tool:completed, tool:completed, tool:completed, step-finish, patch | [12]assistant: step-start, reasoning, tool:completed, step-finish, patch | [13]assistant: step-start, reasoning, tool:error, step-finish, patch | [14]user: text:"<pty_exited>
ID: pty_574c69f3
Descriptio..." | [15]user: text:"i have keys already they are in sops/key..." | [16]assistant: step-start, reasoning, tool:completed, step-finish, patch | [17]assistant: step-start, reasoning, tool:completed, step-finish, patch | [18]assistant: step-start, reasoning, tool:completed, step-finish, patch | [19]assistant: step-start, tool:completed, step-finish, patch | [20]assistant: step-start, reasoning, tool:completed, step-finish, patch | [21]assistant: step-start, reasoning, tool:completed, step-finish, patch | [22]assistant: step-start, reasoning, text:"Encrypted profile works. Now the `.envrc...", tool:completed, tool:completed, step-finish, patch | [23]assistant: step-start, reasoning, tool:completed, step-finish, patch | [24]assistant: step-start, tool:completed, step-finish, patch | [25]assistant: step-start, reasoning, tool:completed, step-finish, patch | [26]assistant: step-start, reasoning, tool:completed, step-finish, patch | [27]assistant: step-start, tool:completed, step-finish, patch | [28]assistant: step-start, reasoning, text:"Now let me verify the foundation works e...", tool:completed, step-finish, patch | [29]assistant: step-start, reasoning, text:"Doctor works and correctly caught a drif...", tool:completed, step-finish, patch | [30]assistant: step-start, reasoning, text:"Found it: devbox's `rustup` package forc...", tool:completed, step-finish, patch | [31]assistant: step-start, reasoning, text:"The `env` override works but needs `just...", tool:completed, step-finish, patch | [32]assistant: step-start, reasoning, tool:completed, patch, step-finish | [33]assistant: step-start, reasoning, tool:completed, step-finish, patch | [34]assistant: step-start, reasoning, text:"Doctor is green. Now `just check` and `j...", tool:completed, step-finish, patch | [35]assistant: step-start, reasoning, tool:completed, step-finish, patch | [36]assistant: step-start, reasoning, text:"All three gates green. Now verify the se...", tool:completed, step-finish, patch | [37]assistant: step-start, reasoning, text:"The no-key test didn't trigger because t...", tool:completed, step-finish, patch | [38]assistant: step-start, reasoning, text:"Both failure paths are correct and redac...", tool:completed, step-finish, patch
[2026-07-10T13:59:56.412Z] message-hooks: post-filter, msgCount=39
[2026-07-10T13:59:56.412Z] message-hooks: about to search for OPENCODE_GENERIC
[2026-07-10T13:59:56.412Z] message-hooks: searching 39 messages for OPENCODE_GENERIC
[2026-07-10T13:59:56.412Z] message-hooks: generic search complete, found=false, index=-1
[2026-07-10T13:59:56.412Z] message-hooks: no generic part found, checking for pending prompt return
[2026-07-10T14:00:12.189Z] message-hooks: ENTRY msgCount=40, sessions=ses_0b3baeaa8ffee6iNcJxb6OpYKL
[2026-07-10T14:00:12.189Z] message-hooks: MESSAGES: [0]user: text:"implement .agents/specs/Shell-SPEC.md" | [1]assistant: step-start, reasoning, tool:completed, tool:completed, step-finish, patch | [2]assistant: step-start, reasoning, tool:completed, tool:completed, step-finish, patch | [3]assistant: step-start, reasoning, tool:completed, step-finish, patch | [4]assistant: step-start, reasoning, tool:completed, step-finish, patch | [5]assistant: step-start, reasoning, tool:completed, tool:completed, step-finish, patch | [6]assistant: step-start, reasoning, tool:completed, step-finish, patch | [7]assistant: step-start, reasoning, tool:completed, step-finish, patch | [8]assistant: step-start, reasoning, tool:completed, tool:completed, tool:completed, tool:completed, tool:completed, tool:completed, tool:completed, tool:completed, step-finish, patch | [9]assistant: step-start, reasoning, tool:completed, step-finish, patch | [10]assistant: step-start, reasoning, tool:completed, step-finish, patch | [11]assistant: step-start, reasoning, text:"Now let me create the doctor script, jus...", tool:completed, tool:completed, tool:completed, step-finish, patch | [12]assistant: step-start, reasoning, tool:completed, step-finish, patch | [13]assistant: step-start, reasoning, tool:error, step-finish, patch | [14]user: text:"<pty_exited>
ID: pty_574c69f3
Descriptio..." | [15]user: text:"i have keys already they are in sops/key..." | [16]assistant: step-start, reasoning, tool:completed, step-finish, patch | [17]assistant: step-start, reasoning, tool:completed, step-finish, patch | [18]assistant: step-start, reasoning, tool:completed, step-finish, patch | [19]assistant: step-start, tool:completed, step-finish, patch | [20]assistant: step-start, reasoning, tool:completed, step-finish, patch | [21]assistant: step-start, reasoning, tool:completed, step-finish, patch | [22]assistant: step-start, reasoning, text:"Encrypted profile works. Now the `.envrc...", tool:completed, tool:completed, step-finish, patch | [23]assistant: step-start, reasoning, tool:completed, step-finish, patch | [24]assistant: step-start, tool:completed, step-finish, patch | [25]assistant: step-start, reasoning, tool:completed, step-finish, patch | [26]assistant: step-start, reasoning, tool:completed, step-finish, patch | [27]assistant: step-start, tool:completed, step-finish, patch | [28]assistant: step-start, reasoning, text:"Now let me verify the foundation works e...", tool:completed, step-finish, patch | [29]assistant: step-start, reasoning, text:"Doctor works and correctly caught a drif...", tool:completed, step-finish, patch | [30]assistant: step-start, reasoning, text:"Found it: devbox's `rustup` package forc...", tool:completed, step-finish, patch | [31]assistant: step-start, reasoning, text:"The `env` override works but needs `just...", tool:completed, step-finish, patch | [32]assistant: step-start, reasoning, tool:completed, patch, step-finish | [33]assistant: step-start, reasoning, tool:completed, step-finish, patch | [34]assistant: step-start, reasoning, text:"Doctor is green. Now `just check` and `j...", tool:completed, step-finish, patch | [35]assistant: step-start, reasoning, tool:completed, step-finish, patch | [36]assistant: step-start, reasoning, text:"All three gates green. Now verify the se...", tool:completed, step-finish, patch | [37]assistant: step-start, reasoning, text:"The no-key test didn't trigger because t...", tool:completed, step-finish, patch | [38]assistant: step-start, reasoning, text:"Both failure paths are correct and redac...", tool:completed, step-finish, patch | [39]assistant: step-start, reasoning, text:"All gates green, offline-without-key con...", tool:completed, step-finish, patch
[2026-07-10T14:00:12.189Z] message-hooks: post-filter, msgCount=40
[2026-07-10T14:00:12.189Z] message-hooks: about to search for OPENCODE_GENERIC
[2026-07-10T14:00:12.189Z] message-hooks: searching 40 messages for OPENCODE_GENERIC
[2026-07-10T14:00:12.189Z] message-hooks: generic search complete, found=false, index=-1
[2026-07-10T14:00:12.189Z] message-hooks: no generic part found, checking for pending prompt return
[2026-07-10T14:00:30.772Z] message-hooks: ENTRY msgCount=41, sessions=ses_0b3baeaa8ffee6iNcJxb6OpYKL
[2026-07-10T14:00:30.772Z] message-hooks: MESSAGES: [0]user: text:"implement .agents/specs/Shell-SPEC.md" | [1]assistant: step-start, reasoning, tool:completed, tool:completed, step-finish, patch | [2]assistant: step-start, reasoning, tool:completed, tool:completed, step-finish, patch | [3]assistant: step-start, reasoning, tool:completed, step-finish, patch | [4]assistant: step-start, reasoning, tool:completed, step-finish, patch | [5]assistant: step-start, reasoning, tool:completed, tool:completed, step-finish, patch | [6]assistant: step-start, reasoning, tool:completed, step-finish, patch | [7]assistant: step-start, reasoning, tool:completed, step-finish, patch | [8]assistant: step-start, reasoning, tool:completed, tool:completed, tool:completed, tool:completed, tool:completed, tool:completed, tool:completed, tool:completed, step-finish, patch | [9]assistant: step-start, reasoning, tool:completed, step-finish, patch | [10]assistant: step-start, reasoning, tool:completed, step-finish, patch | [11]assistant: step-start, reasoning, text:"Now let me create the doctor script, jus...", tool:completed, tool:completed, tool:completed, step-finish, patch | [12]assistant: step-start, reasoning, tool:completed, step-finish, patch | [13]assistant: step-start, reasoning, tool:error, step-finish, patch | [14]user: text:"<pty_exited>
ID: pty_574c69f3
Descriptio..." | [15]user: text:"i have keys already they are in sops/key..." | [16]assistant: step-start, reasoning, tool:completed, step-finish, patch | [17]assistant: step-start, reasoning, tool:completed, step-finish, patch | [18]assistant: step-start, reasoning, tool:completed, step-finish, patch | [19]assistant: step-start, tool:completed, step-finish, patch | [20]assistant: step-start, reasoning, tool:completed, step-finish, patch | [21]assistant: step-start, reasoning, tool:completed, step-finish, patch | [22]assistant: step-start, reasoning, text:"Encrypted profile works. Now the `.envrc...", tool:completed, tool:completed, step-finish, patch | [23]assistant: step-start, reasoning, tool:completed, step-finish, patch | [24]assistant: step-start, tool:completed, step-finish, patch | [25]assistant: step-start, reasoning, tool:completed, step-finish, patch | [26]assistant: step-start, reasoning, tool:completed, step-finish, patch | [27]assistant: step-start, tool:completed, step-finish, patch | [28]assistant: step-start, reasoning, text:"Now let me verify the foundation works e...", tool:completed, step-finish, patch | [29]assistant: step-start, reasoning, text:"Doctor works and correctly caught a drif...", tool:completed, step-finish, patch | [30]assistant: step-start, reasoning, text:"Found it: devbox's `rustup` package forc...", tool:completed, step-finish, patch | [31]assistant: step-start, reasoning, text:"The `env` override works but needs `just...", tool:completed, step-finish, patch | [32]assistant: step-start, reasoning, tool:completed, patch, step-finish | [33]assistant: step-start, reasoning, tool:completed, step-finish, patch | [34]assistant: step-start, reasoning, text:"Doctor is green. Now `just check` and `j...", tool:completed, step-finish, patch | [35]assistant: step-start, reasoning, tool:completed, step-finish, patch | [36]assistant: step-start, reasoning, text:"All three gates green. Now verify the se...", tool:completed, step-finish, patch | [37]assistant: step-start, reasoning, text:"The no-key test didn't trigger because t...", tool:completed, step-finish, patch | [38]assistant: step-start, reasoning, text:"Both failure paths are correct and redac...", tool:completed, step-finish, patch | [39]assistant: step-start, reasoning, text:"All gates green, offline-without-key con...", tool:completed, step-finish, patch | [40]assistant: step-start, reasoning, tool:completed, step-finish, patch
[2026-07-10T14:00:30.772Z] message-hooks: post-filter, msgCount=41
[2026-07-10T14:00:30.772Z] message-hooks: about to search for OPENCODE_GENERIC
[2026-07-10T14:00:30.772Z] message-hooks: searching 41 messages for OPENCODE_GENERIC
[2026-07-10T14:00:30.772Z] message-hooks: generic search complete, found=false, index=-1
[2026-07-10T14:00:30.772Z] message-hooks: no generic part found, checking for pending prompt return
[2026-07-10T14:00:49.394Z] message-hooks: ENTRY msgCount=42, sessions=ses_0b3baeaa8ffee6iNcJxb6OpYKL
[2026-07-10T14:00:49.394Z] message-hooks: MESSAGES: [0]user: text:"implement .agents/specs/Shell-SPEC.md" | [1]assistant: step-start, reasoning, tool:completed, tool:completed, step-finish, patch | [2]assistant: step-start, reasoning, tool:completed, tool:completed, step-finish, patch | [3]assistant: step-start, reasoning, tool:completed, step-finish, patch | [4]assistant: step-start, reasoning, tool:completed, step-finish, patch | [5]assistant: step-start, reasoning, tool:completed, tool:completed, step-finish, patch | [6]assistant: step-start, reasoning, tool:completed, step-finish, patch | [7]assistant: step-start, reasoning, tool:completed, step-finish, patch | [8]assistant: step-start, reasoning, tool:completed, tool:completed, tool:completed, tool:completed, tool:completed, tool:completed, tool:completed, tool:completed, step-finish, patch | [9]assistant: step-start, reasoning, tool:completed, step-finish, patch | [10]assistant: step-start, reasoning, tool:completed, step-finish, patch | [11]assistant: step-start, reasoning, text:"Now let me create the doctor script, jus...", tool:completed, tool:completed, tool:completed, step-finish, patch | [12]assistant: step-start, reasoning, tool:completed, step-finish, patch | [13]assistant: step-start, reasoning, tool:error, step-finish, patch | [14]user: text:"<pty_exited>
ID: pty_574c69f3
Descriptio..." | [15]user: text:"i have keys already they are in sops/key..." | [16]assistant: step-start, reasoning, tool:completed, step-finish, patch | [17]assistant: step-start, reasoning, tool:completed, step-finish, patch | [18]assistant: step-start, reasoning, tool:completed, step-finish, patch | [19]assistant: step-start, tool:completed, step-finish, patch | [20]assistant: step-start, reasoning, tool:completed, step-finish, patch | [21]assistant: step-start, reasoning, tool:completed, step-finish, patch | [22]assistant: step-start, reasoning, text:"Encrypted profile works. Now the `.envrc...", tool:completed, tool:completed, step-finish, patch | [23]assistant: step-start, reasoning, tool:completed, step-finish, patch | [24]assistant: step-start, tool:completed, step-finish, patch | [25]assistant: step-start, reasoning, tool:completed, step-finish, patch | [26]assistant: step-start, reasoning, tool:completed, step-finish, patch | [27]assistant: step-start, tool:completed, step-finish, patch | [28]assistant: step-start, reasoning, text:"Now let me verify the foundation works e...", tool:completed, step-finish, patch | [29]assistant: step-start, reasoning, text:"Doctor works and correctly caught a drif...", tool:completed, step-finish, patch | [30]assistant: step-start, reasoning, text:"Found it: devbox's `rustup` package forc...", tool:completed, step-finish, patch | [31]assistant: step-start, reasoning, text:"The `env` override works but needs `just...", tool:completed, step-finish, patch | [32]assistant: step-start, reasoning, tool:completed, patch, step-finish | [33]assistant: step-start, reasoning, tool:completed, step-finish, patch | [34]assistant: step-start, reasoning, text:"Doctor is green. Now `just check` and `j...", tool:completed, step-finish, patch | [35]assistant: step-start, reasoning, tool:completed, step-finish, patch | [36]assistant: step-start, reasoning, text:"All three gates green. Now verify the se...", tool:completed, step-finish, patch | [37]assistant: step-start, reasoning, text:"The no-key test didn't trigger because t...", tool:completed, step-finish, patch | [38]assistant: step-start, reasoning, text:"Both failure paths are correct and redac...", tool:completed, step-finish, patch | [39]assistant: step-start, reasoning, text:"All gates green, offline-without-key con...", tool:completed, step-finish, patch | [40]assistant: step-start, reasoning, tool:completed, step-finish, patch | [41]assistant: step-start, tool:completed, step-finish, patch
[2026-07-10T14:00:49.395Z] message-hooks: post-filter, msgCount=42
[2026-07-10T14:00:49.395Z] message-hooks: about to search for OPENCODE_GENERIC
[2026-07-10T14:00:49.395Z] message-hooks: searching 42 messages for OPENCODE_GENERIC
[2026-07-10T14:00:49.395Z] message-hooks: generic search complete, found=false, index=-1
[2026-07-10T14:00:49.395Z] message-hooks: no generic part found, checking for pending prompt return
[2026-07-10T14:01:00.999Z] message-hooks: ENTRY msgCount=43, sessions=ses_0b3baeaa8ffee6iNcJxb6OpYKL
[2026-07-10T14:01:00.999Z] message-hooks: MESSAGES: [0]user: text:"implement .agents/specs/Shell-SPEC.md" | [1]assistant: step-start, reasoning, tool:completed, tool:completed, step-finish, patch | [2]assistant: step-start, reasoning, tool:completed, tool:completed, step-finish, patch | [3]assistant: step-start, reasoning, tool:completed, step-finish, patch | [4]assistant: step-start, reasoning, tool:completed, step-finish, patch | [5]assistant: step-start, reasoning, tool:completed, tool:completed, step-finish, patch | [6]assistant: step-start, reasoning, tool:completed, step-finish, patch | [7]assistant: step-start, reasoning, tool:completed, step-finish, patch | [8]assistant: step-start, reasoning, tool:completed, tool:completed, tool:completed, tool:completed, tool:completed, tool:completed, tool:completed, tool:completed, step-finish, patch | [9]assistant: step-start, reasoning, tool:completed, step-finish, patch | [10]assistant: step-start, reasoning, tool:completed, step-finish, patch | [11]assistant: step-start, reasoning, text:"Now let me create the doctor script, jus...", tool:completed, tool:completed, tool:completed, step-finish, patch | [12]assistant: step-start, reasoning, tool:completed, step-finish, patch | [13]assistant: step-start, reasoning, tool:error, step-finish, patch | [14]user: text:"<pty_exited>
ID: pty_574c69f3
Descriptio..." | [15]user: text:"i have keys already they are in sops/key..." | [16]assistant: step-start, reasoning, tool:completed, step-finish, patch | [17]assistant: step-start, reasoning, tool:completed, step-finish, patch | [18]assistant: step-start, reasoning, tool:completed, step-finish, patch | [19]assistant: step-start, tool:completed, step-finish, patch | [20]assistant: step-start, reasoning, tool:completed, step-finish, patch | [21]assistant: step-start, reasoning, tool:completed, step-finish, patch | [22]assistant: step-start, reasoning, text:"Encrypted profile works. Now the `.envrc...", tool:completed, tool:completed, step-finish, patch | [23]assistant: step-start, reasoning, tool:completed, step-finish, patch | [24]assistant: step-start, tool:completed, step-finish, patch | [25]assistant: step-start, reasoning, tool:completed, step-finish, patch | [26]assistant: step-start, reasoning, tool:completed, step-finish, patch | [27]assistant: step-start, tool:completed, step-finish, patch | [28]assistant: step-start, reasoning, text:"Now let me verify the foundation works e...", tool:completed, step-finish, patch | [29]assistant: step-start, reasoning, text:"Doctor works and correctly caught a drif...", tool:completed, step-finish, patch | [30]assistant: step-start, reasoning, text:"Found it: devbox's `rustup` package forc...", tool:completed, step-finish, patch | [31]assistant: step-start, reasoning, text:"The `env` override works but needs `just...", tool:completed, step-finish, patch | [32]assistant: step-start, reasoning, tool:completed, patch, step-finish | [33]assistant: step-start, reasoning, tool:completed, step-finish, patch | [34]assistant: step-start, reasoning, text:"Doctor is green. Now `just check` and `j...", tool:completed, step-finish, patch | [35]assistant: step-start, reasoning, tool:completed, step-finish, patch | [36]assistant: step-start, reasoning, text:"All three gates green. Now verify the se...", tool:completed, step-finish, patch | [37]assistant: step-start, reasoning, text:"The no-key test didn't trigger because t...", tool:completed, step-finish, patch | [38]assistant: step-start, reasoning, text:"Both failure paths are correct and redac...", tool:completed, step-finish, patch | [39]assistant: step-start, reasoning, text:"All gates green, offline-without-key con...", tool:completed, step-finish, patch | [40]assistant: step-start, reasoning, tool:completed, step-finish, patch | [41]assistant: step-start, tool:completed, step-finish, patch | [42]assistant: step-start, tool:completed, step-finish, patch
[2026-07-10T14:01:00.999Z] message-hooks: post-filter, msgCount=43
[2026-07-10T14:01:00.999Z] message-hooks: about to search for OPENCODE_GENERIC
[2026-07-10T14:01:00.999Z] message-hooks: searching 43 messages for OPENCODE_GENERIC
[2026-07-10T14:01:00.999Z] message-hooks: generic search complete, found=false, index=-1
[2026-07-10T14:01:00.999Z] message-hooks: no generic part found, checking for pending prompt return
[2026-07-10T14:01:06.970Z] message-hooks: ENTRY msgCount=44, sessions=ses_0b3baeaa8ffee6iNcJxb6OpYKL
[2026-07-10T14:01:06.970Z] message-hooks: MESSAGES: [0]user: text:"implement .agents/specs/Shell-SPEC.md" | [1]assistant: step-start, reasoning, tool:completed, tool:completed, step-finish, patch | [2]assistant: step-start, reasoning, tool:completed, tool:completed, step-finish, patch | [3]assistant: step-start, reasoning, tool:completed, step-finish, patch | [4]assistant: step-start, reasoning, tool:completed, step-finish, patch | [5]assistant: step-start, reasoning, tool:completed, tool:completed, step-finish, patch | [6]assistant: step-start, reasoning, tool:completed, step-finish, patch | [7]assistant: step-start, reasoning, tool:completed, step-finish, patch | [8]assistant: step-start, reasoning, tool:completed, tool:completed, tool:completed, tool:completed, tool:completed, tool:completed, tool:completed, tool:completed, step-finish, patch | [9]assistant: step-start, reasoning, tool:completed, step-finish, patch | [10]assistant: step-start, reasoning, tool:completed, step-finish, patch | [11]assistant: step-start, reasoning, text:"Now let me create the doctor script, jus...", tool:completed, tool:completed, tool:completed, step-finish, patch | [12]assistant: step-start, reasoning, tool:completed, step-finish, patch | [13]assistant: step-start, reasoning, tool:error, step-finish, patch | [14]user: text:"<pty_exited>
ID: pty_574c69f3
Descriptio..." | [15]user: text:"i have keys already they are in sops/key..." | [16]assistant: step-start, reasoning, tool:completed, step-finish, patch | [17]assistant: step-start, reasoning, tool:completed, step-finish, patch | [18]assistant: step-start, reasoning, tool:completed, step-finish, patch | [19]assistant: step-start, tool:completed, step-finish, patch | [20]assistant: step-start, reasoning, tool:completed, step-finish, patch | [21]assistant: step-start, reasoning, tool:completed, step-finish, patch | [22]assistant: step-start, reasoning, text:"Encrypted profile works. Now the `.envrc...", tool:completed, tool:completed, step-finish, patch | [23]assistant: step-start, reasoning, tool:completed, step-finish, patch | [24]assistant: step-start, tool:completed, step-finish, patch | [25]assistant: step-start, reasoning, tool:completed, step-finish, patch | [26]assistant: step-start, reasoning, tool:completed, step-finish, patch | [27]assistant: step-start, tool:completed, step-finish, patch | [28]assistant: step-start, reasoning, text:"Now let me verify the foundation works e...", tool:completed, step-finish, patch | [29]assistant: step-start, reasoning, text:"Doctor works and correctly caught a drif...", tool:completed, step-finish, patch | [30]assistant: step-start, reasoning, text:"Found it: devbox's `rustup` package forc...", tool:completed, step-finish, patch | [31]assistant: step-start, reasoning, text:"The `env` override works but needs `just...", tool:completed, step-finish, patch | [32]assistant: step-start, reasoning, tool:completed, patch, step-finish | [33]assistant: step-start, reasoning, tool:completed, step-finish, patch | [34]assistant: step-start, reasoning, text:"Doctor is green. Now `just check` and `j...", tool:completed, step-finish, patch | [35]assistant: step-start, reasoning, tool:completed, step-finish, patch | [36]assistant: step-start, reasoning, text:"All three gates green. Now verify the se...", tool:completed, step-finish, patch | [37]assistant: step-start, reasoning, text:"The no-key test didn't trigger because t...", tool:completed, step-finish, patch | [38]assistant: step-start, reasoning, text:"Both failure paths are correct and redac...", tool:completed, step-finish, patch | [39]assistant: step-start, reasoning, text:"All gates green, offline-without-key con...", tool:completed, step-finish, patch | [40]assistant: step-start, reasoning, tool:completed, step-finish, patch | [41]assistant: step-start, tool:completed, step-finish, patch | [42]assistant: step-start, tool:completed, step-finish, patch | [43]assistant: step-start, tool:completed, step-finish, patch
[2026-07-10T14:01:06.970Z] message-hooks: post-filter, msgCount=44
[2026-07-10T14:01:06.970Z] message-hooks: about to search for OPENCODE_GENERIC
[2026-07-10T14:01:06.970Z] message-hooks: searching 44 messages for OPENCODE_GENERIC
[2026-07-10T14:01:06.970Z] message-hooks: generic search complete, found=false, index=-1
[2026-07-10T14:01:06.970Z] message-hooks: no generic part found, checking for pending prompt return
[2026-07-10T14:01:19.423Z] message-hooks: ENTRY msgCount=45, sessions=ses_0b3baeaa8ffee6iNcJxb6OpYKL
[2026-07-10T14:01:19.423Z] message-hooks: MESSAGES: [0]user: text:"implement .agents/specs/Shell-SPEC.md" | [1]assistant: step-start, reasoning, tool:completed, tool:completed, step-finish, patch | [2]assistant: step-start, reasoning, tool:completed, tool:completed, step-finish, patch | [3]assistant: step-start, reasoning, tool:completed, step-finish, patch | [4]assistant: step-start, reasoning, tool:completed, step-finish, patch | [5]assistant: step-start, reasoning, tool:completed, tool:completed, step-finish, patch | [6]assistant: step-start, reasoning, tool:completed, step-finish, patch | [7]assistant: step-start, reasoning, tool:completed, step-finish, patch | [8]assistant: step-start, reasoning, tool:completed, tool:completed, tool:completed, tool:completed, tool:completed, tool:completed, tool:completed, tool:completed, step-finish, patch | [9]assistant: step-start, reasoning, tool:completed, step-finish, patch | [10]assistant: step-start, reasoning, tool:completed, step-finish, patch | [11]assistant: step-start, reasoning, text:"Now let me create the doctor script, jus...", tool:completed, tool:completed, tool:completed, step-finish, patch | [12]assistant: step-start, reasoning, tool:completed, step-finish, patch | [13]assistant: step-start, reasoning, tool:error, step-finish, patch | [14]user: text:"<pty_exited>
ID: pty_574c69f3
Descriptio..." | [15]user: text:"i have keys already they are in sops/key..." | [16]assistant: step-start, reasoning, tool:completed, step-finish, patch | [17]assistant: step-start, reasoning, tool:completed, step-finish, patch | [18]assistant: step-start, reasoning, tool:completed, step-finish, patch | [19]assistant: step-start, tool:completed, step-finish, patch | [20]assistant: step-start, reasoning, tool:completed, step-finish, patch | [21]assistant: step-start, reasoning, tool:completed, step-finish, patch | [22]assistant: step-start, reasoning, text:"Encrypted profile works. Now the `.envrc...", tool:completed, tool:completed, step-finish, patch | [23]assistant: step-start, reasoning, tool:completed, step-finish, patch | [24]assistant: step-start, tool:completed, step-finish, patch | [25]assistant: step-start, reasoning, tool:completed, step-finish, patch | [26]assistant: step-start, reasoning, tool:completed, step-finish, patch | [27]assistant: step-start, tool:completed, step-finish, patch | [28]assistant: step-start, reasoning, text:"Now let me verify the foundation works e...", tool:completed, step-finish, patch | [29]assistant: step-start, reasoning, text:"Doctor works and correctly caught a drif...", tool:completed, step-finish, patch | [30]assistant: step-start, reasoning, text:"Found it: devbox's `rustup` package forc...", tool:completed, step-finish, patch | [31]assistant: step-start, reasoning, text:"The `env` override works but needs `just...", tool:completed, step-finish, patch | [32]assistant: step-start, reasoning, tool:completed, patch, step-finish | [33]assistant: step-start, reasoning, tool:completed, step-finish, patch | [34]assistant: step-start, reasoning, text:"Doctor is green. Now `just check` and `j...", tool:completed, step-finish, patch | [35]assistant: step-start, reasoning, tool:completed, step-finish, patch | [36]assistant: step-start, reasoning, text:"All three gates green. Now verify the se...", tool:completed, step-finish, patch | [37]assistant: step-start, reasoning, text:"The no-key test didn't trigger because t...", tool:completed, step-finish, patch | [38]assistant: step-start, reasoning, text:"Both failure paths are correct and redac...", tool:completed, step-finish, patch | [39]assistant: step-start, reasoning, text:"All gates green, offline-without-key con...", tool:completed, step-finish, patch | [40]assistant: step-start, reasoning, tool:completed, step-finish, patch | [41]assistant: step-start, tool:completed, step-finish, patch | [42]assistant: step-start, tool:completed, step-finish, patch | [43]assistant: step-start, tool:completed, step-finish, patch | [44]assistant: step-start, reasoning, text:"Now let me review the full diff and veri...", tool:completed, step-finish, patch
[2026-07-10T14:01:19.423Z] message-hooks: post-filter, msgCount=45
[2026-07-10T14:01:19.423Z] message-hooks: about to search for OPENCODE_GENERIC
[2026-07-10T14:01:19.423Z] message-hooks: searching 45 messages for OPENCODE_GENERIC
[2026-07-10T14:01:19.423Z] message-hooks: generic search complete, found=false, index=-1
[2026-07-10T14:01:19.423Z] message-hooks: no generic part found, checking for pending prompt return
[2026-07-10T14:01:35.089Z] message-hooks: ENTRY msgCount=46, sessions=ses_0b3baeaa8ffee6iNcJxb6OpYKL
[2026-07-10T14:01:35.089Z] message-hooks: MESSAGES: [0]user: text:"implement .agents/specs/Shell-SPEC.md" | [1]assistant: step-start, reasoning, tool:completed, tool:completed, step-finish, patch | [2]assistant: step-start, reasoning, tool:completed, tool:completed, step-finish, patch | [3]assistant: step-start, reasoning, tool:completed, step-finish, patch | [4]assistant: step-start, reasoning, tool:completed, step-finish, patch | [5]assistant: step-start, reasoning, tool:completed, tool:completed, step-finish, patch | [6]assistant: step-start, reasoning, tool:completed, step-finish, patch | [7]assistant: step-start, reasoning, tool:completed, step-finish, patch | [8]assistant: step-start, reasoning, tool:completed, tool:completed, tool:completed, tool:completed, tool:completed, tool:completed, tool:completed, tool:completed, step-finish, patch | [9]assistant: step-start, reasoning, tool:completed, step-finish, patch | [10]assistant: step-start, reasoning, tool:completed, step-finish, patch | [11]assistant: step-start, reasoning, text:"Now let me create the doctor script, jus...", tool:completed, tool:completed, tool:completed, step-finish, patch | [12]assistant: step-start, reasoning, tool:completed, step-finish, patch | [13]assistant: step-start, reasoning, tool:error, step-finish, patch | [14]user: text:"<pty_exited>
ID: pty_574c69f3
Descriptio..." | [15]user: text:"i have keys already they are in sops/key..." | [16]assistant: step-start, reasoning, tool:completed, step-finish, patch | [17]assistant: step-start, reasoning, tool:completed, step-finish, patch | [18]assistant: step-start, reasoning, tool:completed, step-finish, patch | [19]assistant: step-start, tool:completed, step-finish, patch | [20]assistant: step-start, reasoning, tool:completed, step-finish, patch | [21]assistant: step-start, reasoning, tool:completed, step-finish, patch | [22]assistant: step-start, reasoning, text:"Encrypted profile works. Now the `.envrc...", tool:completed, tool:completed, step-finish, patch | [23]assistant: step-start, reasoning, tool:completed, step-finish, patch | [24]assistant: step-start, tool:completed, step-finish, patch | [25]assistant: step-start, reasoning, tool:completed, step-finish, patch | [26]assistant: step-start, reasoning, tool:completed, step-finish, patch | [27]assistant: step-start, tool:completed, step-finish, patch | [28]assistant: step-start, reasoning, text:"Now let me verify the foundation works e...", tool:completed, step-finish, patch | [29]assistant: step-start, reasoning, text:"Doctor works and correctly caught a drif...", tool:completed, step-finish, patch | [30]assistant: step-start, reasoning, text:"Found it: devbox's `rustup` package forc...", tool:completed, step-finish, patch | [31]assistant: step-start, reasoning, text:"The `env` override works but needs `just...", tool:completed, step-finish, patch | [32]assistant: step-start, reasoning, tool:completed, patch, step-finish | [33]assistant: step-start, reasoning, tool:completed, step-finish, patch | [34]assistant: step-start, reasoning, text:"Doctor is green. Now `just check` and `j...", tool:completed, step-finish, patch | [35]assistant: step-start, reasoning, tool:completed, step-finish, patch | [36]assistant: step-start, reasoning, text:"All three gates green. Now verify the se...", tool:completed, step-finish, patch | [37]assistant: step-start, reasoning, text:"The no-key test didn't trigger because t...", tool:completed, step-finish, patch | [38]assistant: step-start, reasoning, text:"Both failure paths are correct and redac...", tool:completed, step-finish, patch | [39]assistant: step-start, reasoning, text:"All gates green, offline-without-key con...", tool:completed, step-finish, patch | [40]assistant: step-start, reasoning, tool:completed, step-finish, patch | [41]assistant: step-start, tool:completed, step-finish, patch | [42]assistant: step-start, tool:completed, step-finish, patch | [43]assistant: step-start, tool:completed, step-finish, patch | [44]assistant: step-start, reasoning, text:"Now let me review the full diff and veri...", tool:completed, step-finish, patch | [45]assistant: step-start, reasoning, tool:completed, step-finish, patch
[2026-07-10T14:01:35.089Z] message-hooks: post-filter, msgCount=46
[2026-07-10T14:01:35.089Z] message-hooks: about to search for OPENCODE_GENERIC
[2026-07-10T14:01:35.089Z] message-hooks: searching 46 messages for OPENCODE_GENERIC
[2026-07-10T14:01:35.089Z] message-hooks: generic search complete, found=false, index=-1
[2026-07-10T14:01:35.089Z] message-hooks: no generic part found, checking for pending prompt return
[2026-07-10T14:01:53.899Z] message-hooks: ENTRY msgCount=47, sessions=ses_0b3baeaa8ffee6iNcJxb6OpYKL
[2026-07-10T14:01:53.899Z] message-hooks: MESSAGES: [0]user: text:"implement .agents/specs/Shell-SPEC.md" | [1]assistant: step-start, reasoning, tool:completed, tool:completed, step-finish, patch | [2]assistant: step-start, reasoning, tool:completed, tool:completed, step-finish, patch | [3]assistant: step-start, reasoning, tool:completed, step-finish, patch | [4]assistant: step-start, reasoning, tool:completed, step-finish, patch | [5]assistant: step-start, reasoning, tool:completed, tool:completed, step-finish, patch | [6]assistant: step-start, reasoning, tool:completed, step-finish, patch | [7]assistant: step-start, reasoning, tool:completed, step-finish, patch | [8]assistant: step-start, reasoning, tool:completed, tool:completed, tool:completed, tool:completed, tool:completed, tool:completed, tool:completed, tool:completed, step-finish, patch | [9]assistant: step-start, reasoning, tool:completed, step-finish, patch | [10]assistant: step-start, reasoning, tool:completed, step-finish, patch | [11]assistant: step-start, reasoning, text:"Now let me create the doctor script, jus...", tool:completed, tool:completed, tool:completed, step-finish, patch | [12]assistant: step-start, reasoning, tool:completed, step-finish, patch | [13]assistant: step-start, reasoning, tool:error, step-finish, patch | [14]user: text:"<pty_exited>
ID: pty_574c69f3
Descriptio..." | [15]user: text:"i have keys already they are in sops/key..." | [16]assistant: step-start, reasoning, tool:completed, step-finish, patch | [17]assistant: step-start, reasoning, tool:completed, step-finish, patch | [18]assistant: step-start, reasoning, tool:completed, step-finish, patch | [19]assistant: step-start, tool:completed, step-finish, patch | [20]assistant: step-start, reasoning, tool:completed, step-finish, patch | [21]assistant: step-start, reasoning, tool:completed, step-finish, patch | [22]assistant: step-start, reasoning, text:"Encrypted profile works. Now the `.envrc...", tool:completed, tool:completed, step-finish, patch | [23]assistant: step-start, reasoning, tool:completed, step-finish, patch | [24]assistant: step-start, tool:completed, step-finish, patch | [25]assistant: step-start, reasoning, tool:completed, step-finish, patch | [26]assistant: step-start, reasoning, tool:completed, step-finish, patch | [27]assistant: step-start, tool:completed, step-finish, patch | [28]assistant: step-start, reasoning, text:"Now let me verify the foundation works e...", tool:completed, step-finish, patch | [29]assistant: step-start, reasoning, text:"Doctor works and correctly caught a drif...", tool:completed, step-finish, patch | [30]assistant: step-start, reasoning, text:"Found it: devbox's `rustup` package forc...", tool:completed, step-finish, patch | [31]assistant: step-start, reasoning, text:"The `env` override works but needs `just...", tool:completed, step-finish, patch | [32]assistant: step-start, reasoning, tool:completed, patch, step-finish | [33]assistant: step-start, reasoning, tool:completed, step-finish, patch | [34]assistant: step-start, reasoning, text:"Doctor is green. Now `just check` and `j...", tool:completed, step-finish, patch | [35]assistant: step-start, reasoning, tool:completed, step-finish, patch | [36]assistant: step-start, reasoning, text:"All three gates green. Now verify the se...", tool:completed, step-finish, patch | [37]assistant: step-start, reasoning, text:"The no-key test didn't trigger because t...", tool:completed, step-finish, patch | [38]assistant: step-start, reasoning, text:"Both failure paths are correct and redac...", tool:completed, step-finish, patch | [39]assistant: step-start, reasoning, text:"All gates green, offline-without-key con...", tool:completed, step-finish, patch | [40]assistant: step-start, reasoning, tool:completed, step-finish, patch | [41]assistant: step-start, tool:completed, step-finish, patch | [42]assistant: step-start, tool:completed, step-finish, patch | [43]assistant: step-start, tool:completed, step-finish, patch | [44]assistant: step-start, reasoning, text:"Now let me review the full diff and veri...", tool:completed, step-finish, patch | [45]assistant: step-start, reasoning, tool:completed, step-finish, patch | [46]assistant: step-start, reasoning, text:"The user's global gitignore hides `.envr...", tool:completed, step-finish, patch
[2026-07-10T14:01:53.899Z] message-hooks: post-filter, msgCount=47
[2026-07-10T14:01:53.899Z] message-hooks: about to search for OPENCODE_GENERIC
[2026-07-10T14:01:53.899Z] message-hooks: searching 47 messages for OPENCODE_GENERIC
[2026-07-10T14:01:53.899Z] message-hooks: generic search complete, found=false, index=-1
[2026-07-10T14:01:53.899Z] message-hooks: no generic part found, checking for pending prompt return
[2026-07-10T14:02:06.462Z] message-hooks: ENTRY msgCount=48, sessions=ses_0b3baeaa8ffee6iNcJxb6OpYKL
[2026-07-10T14:02:06.462Z] message-hooks: MESSAGES: [0]user: text:"implement .agents/specs/Shell-SPEC.md" | [1]assistant: step-start, reasoning, tool:completed, tool:completed, step-finish, patch | [2]assistant: step-start, reasoning, tool:completed, tool:completed, step-finish, patch | [3]assistant: step-start, reasoning, tool:completed, step-finish, patch | [4]assistant: step-start, reasoning, tool:completed, step-finish, patch | [5]assistant: step-start, reasoning, tool:completed, tool:completed, step-finish, patch | [6]assistant: step-start, reasoning, tool:completed, step-finish, patch | [7]assistant: step-start, reasoning, tool:completed, step-finish, patch | [8]assistant: step-start, reasoning, tool:completed, tool:completed, tool:completed, tool:completed, tool:completed, tool:completed, tool:completed, tool:completed, step-finish, patch | [9]assistant: step-start, reasoning, tool:completed, step-finish, patch | [10]assistant: step-start, reasoning, tool:completed, step-finish, patch | [11]assistant: step-start, reasoning, text:"Now let me create the doctor script, jus...", tool:completed, tool:completed, tool:completed, step-finish, patch | [12]assistant: step-start, reasoning, tool:completed, step-finish, patch | [13]assistant: step-start, reasoning, tool:error, step-finish, patch | [14]user: text:"<pty_exited>
ID: pty_574c69f3
Descriptio..." | [15]user: text:"i have keys already they are in sops/key..." | [16]assistant: step-start, reasoning, tool:completed, step-finish, patch | [17]assistant: step-start, reasoning, tool:completed, step-finish, patch | [18]assistant: step-start, reasoning, tool:completed, step-finish, patch | [19]assistant: step-start, tool:completed, step-finish, patch | [20]assistant: step-start, reasoning, tool:completed, step-finish, patch | [21]assistant: step-start, reasoning, tool:completed, step-finish, patch | [22]assistant: step-start, reasoning, text:"Encrypted profile works. Now the `.envrc...", tool:completed, tool:completed, step-finish, patch | [23]assistant: step-start, reasoning, tool:completed, step-finish, patch | [24]assistant: step-start, tool:completed, step-finish, patch | [25]assistant: step-start, reasoning, tool:completed, step-finish, patch | [26]assistant: step-start, reasoning, tool:completed, step-finish, patch | [27]assistant: step-start, tool:completed, step-finish, patch | [28]assistant: step-start, reasoning, text:"Now let me verify the foundation works e...", tool:completed, step-finish, patch | [29]assistant: step-start, reasoning, text:"Doctor works and correctly caught a drif...", tool:completed, step-finish, patch | [30]assistant: step-start, reasoning, text:"Found it: devbox's `rustup` package forc...", tool:completed, step-finish, patch | [31]assistant: step-start, reasoning, text:"The `env` override works but needs `just...", tool:completed, step-finish, patch | [32]assistant: step-start, reasoning, tool:completed, patch, step-finish | [33]assistant: step-start, reasoning, tool:completed, step-finish, patch | [34]assistant: step-start, reasoning, text:"Doctor is green. Now `just check` and `j...", tool:completed, step-finish, patch | [35]assistant: step-start, reasoning, tool:completed, step-finish, patch | [36]assistant: step-start, reasoning, text:"All three gates green. Now verify the se...", tool:completed, step-finish, patch | [37]assistant: step-start, reasoning, text:"The no-key test didn't trigger because t...", tool:completed, step-finish, patch | [38]assistant: step-start, reasoning, text:"Both failure paths are correct and redac...", tool:completed, step-finish, patch | [39]assistant: step-start, reasoning, text:"All gates green, offline-without-key con...", tool:completed, step-finish, patch | [40]assistant: step-start, reasoning, tool:completed, step-finish, patch | [41]assistant: step-start, tool:completed, step-finish, patch | [42]assistant: step-start, tool:completed, step-finish, patch | [43]assistant: step-start, tool:completed, step-finish, patch | [44]assistant: step-start, reasoning, text:"Now let me review the full diff and veri...", tool:completed, step-finish, patch | [45]assistant: step-start, reasoning, tool:completed, step-finish, patch | [46]assistant: step-start, reasoning, text:"The user's global gitignore hides `.envr...", tool:completed, step-finish, patch | [47]assistant: step-start, tool:completed, step-finish, patch
[2026-07-10T14:02:06.462Z] message-hooks: post-filter, msgCount=48
[2026-07-10T14:02:06.462Z] message-hooks: about to search for OPENCODE_GENERIC
[2026-07-10T14:02:06.462Z] message-hooks: searching 48 messages for OPENCODE_GENERIC
[2026-07-10T14:02:06.462Z] message-hooks: generic search complete, found=false, index=-1
[2026-07-10T14:02:06.462Z] message-hooks: no generic part found, checking for pending prompt return
[2026-07-10T14:02:20.963Z] message-hooks: ENTRY msgCount=49, sessions=ses_0b3baeaa8ffee6iNcJxb6OpYKL
[2026-07-10T14:02:20.963Z] message-hooks: MESSAGES: [0]user: text:"implement .agents/specs/Shell-SPEC.md" | [1]assistant: step-start, reasoning, tool:completed, tool:completed, step-finish, patch | [2]assistant: step-start, reasoning, tool:completed, tool:completed, step-finish, patch | [3]assistant: step-start, reasoning, tool:completed, step-finish, patch | [4]assistant: step-start, reasoning, tool:completed, step-finish, patch | [5]assistant: step-start, reasoning, tool:completed, tool:completed, step-finish, patch | [6]assistant: step-start, reasoning, tool:completed, step-finish, patch | [7]assistant: step-start, reasoning, tool:completed, step-finish, patch | [8]assistant: step-start, reasoning, tool:completed, tool:completed, tool:completed, tool:completed, tool:completed, tool:completed, tool:completed, tool:completed, step-finish, patch | [9]assistant: step-start, reasoning, tool:completed, step-finish, patch | [10]assistant: step-start, reasoning, tool:completed, step-finish, patch | [11]assistant: step-start, reasoning, text:"Now let me create the doctor script, jus...", tool:completed, tool:completed, tool:completed, step-finish, patch | [12]assistant: step-start, reasoning, tool:completed, step-finish, patch | [13]assistant: step-start, reasoning, tool:error, step-finish, patch | [14]user: text:"<pty_exited>
ID: pty_574c69f3
Descriptio..." | [15]user: text:"i have keys already they are in sops/key..." | [16]assistant: step-start, reasoning, tool:completed, step-finish, patch | [17]assistant: step-start, reasoning, tool:completed, step-finish, patch | [18]assistant: step-start, reasoning, tool:completed, step-finish, patch | [19]assistant: step-start, tool:completed, step-finish, patch | [20]assistant: step-start, reasoning, tool:completed, step-finish, patch | [21]assistant: step-start, reasoning, tool:completed, step-finish, patch | [22]assistant: step-start, reasoning, text:"Encrypted profile works. Now the `.envrc...", tool:completed, tool:completed, step-finish, patch | [23]assistant: step-start, reasoning, tool:completed, step-finish, patch | [24]assistant: step-start, tool:completed, step-finish, patch | [25]assistant: step-start, reasoning, tool:completed, step-finish, patch | [26]assistant: step-start, reasoning, tool:completed, step-finish, patch | [27]assistant: step-start, tool:completed, step-finish, patch | [28]assistant: step-start, reasoning, text:"Now let me verify the foundation works e...", tool:completed, step-finish, patch | [29]assistant: step-start, reasoning, text:"Doctor works and correctly caught a drif...", tool:completed, step-finish, patch | [30]assistant: step-start, reasoning, text:"Found it: devbox's `rustup` package forc...", tool:completed, step-finish, patch | [31]assistant: step-start, reasoning, text:"The `env` override works but needs `just...", tool:completed, step-finish, patch | [32]assistant: step-start, reasoning, tool:completed, patch, step-finish | [33]assistant: step-start, reasoning, tool:completed, step-finish, patch | [34]assistant: step-start, reasoning, text:"Doctor is green. Now `just check` and `j...", tool:completed, step-finish, patch | [35]assistant: step-start, reasoning, tool:completed, step-finish, patch | [36]assistant: step-start, reasoning, text:"All three gates green. Now verify the se...", tool:completed, step-finish, patch | [37]assistant: step-start, reasoning, text:"The no-key test didn't trigger because t...", tool:completed, step-finish, patch | [38]assistant: step-start, reasoning, text:"Both failure paths are correct and redac...", tool:completed, step-finish, patch | [39]assistant: step-start, reasoning, text:"All gates green, offline-without-key con...", tool:completed, step-finish, patch | [40]assistant: step-start, reasoning, tool:completed, step-finish, patch | [41]assistant: step-start, tool:completed, step-finish, patch | [42]assistant: step-start, tool:completed, step-finish, patch | [43]assistant: step-start, tool:completed, step-finish, patch | [44]assistant: step-start, reasoning, text:"Now let me review the full diff and veri...", tool:completed, step-finish, patch | [45]assistant: step-start, reasoning, tool:completed, step-finish, patch | [46]assistant: step-start, reasoning, text:"The user's global gitignore hides `.envr...", tool:completed, step-finish, patch | [47]assistant: step-start, tool:completed, step-finish, patch | [48]assistant: step-start, reasoning, tool:completed, step-finish, patch
[2026-07-10T14:02:20.963Z] message-hooks: post-filter, msgCount=49
[2026-07-10T14:02:20.963Z] message-hooks: about to search for OPENCODE_GENERIC
[2026-07-10T14:02:20.963Z] message-hooks: searching 49 messages for OPENCODE_GENERIC
[2026-07-10T14:02:20.963Z] message-hooks: generic search complete, found=false, index=-1
[2026-07-10T14:02:20.963Z] message-hooks: no generic part found, checking for pending prompt return
[2026-07-10T14:02:34.568Z] message-hooks: ENTRY msgCount=50, sessions=ses_0b3baeaa8ffee6iNcJxb6OpYKL
[2026-07-10T14:02:34.568Z] message-hooks: MESSAGES: [0]user: text:"implement .agents/specs/Shell-SPEC.md" | [1]assistant: step-start, reasoning, tool:completed, tool:completed, step-finish, patch | [2]assistant: step-start, reasoning, tool:completed, tool:completed, step-finish, patch | [3]assistant: step-start, reasoning, tool:completed, step-finish, patch | [4]assistant: step-start, reasoning, tool:completed, step-finish, patch | [5]assistant: step-start, reasoning, tool:completed, tool:completed, step-finish, patch | [6]assistant: step-start, reasoning, tool:completed, step-finish, patch | [7]assistant: step-start, reasoning, tool:completed, step-finish, patch | [8]assistant: step-start, reasoning, tool:completed, tool:completed, tool:completed, tool:completed, tool:completed, tool:completed, tool:completed, tool:completed, step-finish, patch | [9]assistant: step-start, reasoning, tool:completed, step-finish, patch | [10]assistant: step-start, reasoning, tool:completed, step-finish, patch | [11]assistant: step-start, reasoning, text:"Now let me create the doctor script, jus...", tool:completed, tool:completed, tool:completed, step-finish, patch | [12]assistant: step-start, reasoning, tool:completed, step-finish, patch | [13]assistant: step-start, reasoning, tool:error, step-finish, patch | [14]user: text:"<pty_exited>
ID: pty_574c69f3
Descriptio..." | [15]user: text:"i have keys already they are in sops/key..." | [16]assistant: step-start, reasoning, tool:completed, step-finish, patch | [17]assistant: step-start, reasoning, tool:completed, step-finish, patch | [18]assistant: step-start, reasoning, tool:completed, step-finish, patch | [19]assistant: step-start, tool:completed, step-finish, patch | [20]assistant: step-start, reasoning, tool:completed, step-finish, patch | [21]assistant: step-start, reasoning, tool:completed, step-finish, patch | [22]assistant: step-start, reasoning, text:"Encrypted profile works. Now the `.envrc...", tool:completed, tool:completed, step-finish, patch | [23]assistant: step-start, reasoning, tool:completed, step-finish, patch | [24]assistant: step-start, tool:completed, step-finish, patch | [25]assistant: step-start, reasoning, tool:completed, step-finish, patch | [26]assistant: step-start, reasoning, tool:completed, step-finish, patch | [27]assistant: step-start, tool:completed, step-finish, patch | [28]assistant: step-start, reasoning, text:"Now let me verify the foundation works e...", tool:completed, step-finish, patch | [29]assistant: step-start, reasoning, text:"Doctor works and correctly caught a drif...", tool:completed, step-finish, patch | [30]assistant: step-start, reasoning, text:"Found it: devbox's `rustup` package forc...", tool:completed, step-finish, patch | [31]assistant: step-start, reasoning, text:"The `env` override works but needs `just...", tool:completed, step-finish, patch | [32]assistant: step-start, reasoning, tool:completed, patch, step-finish | [33]assistant: step-start, reasoning, tool:completed, step-finish, patch | [34]assistant: step-start, reasoning, text:"Doctor is green. Now `just check` and `j...", tool:completed, step-finish, patch | [35]assistant: step-start, reasoning, tool:completed, step-finish, patch | [36]assistant: step-start, reasoning, text:"All three gates green. Now verify the se...", tool:completed, step-finish, patch | [37]assistant: step-start, reasoning, text:"The no-key test didn't trigger because t...", tool:completed, step-finish, patch | [38]assistant: step-start, reasoning, text:"Both failure paths are correct and redac...", tool:completed, step-finish, patch | [39]assistant: step-start, reasoning, text:"All gates green, offline-without-key con...", tool:completed, step-finish, patch | [40]assistant: step-start, reasoning, tool:completed, step-finish, patch | [41]assistant: step-start, tool:completed, step-finish, patch | [42]assistant: step-start, tool:completed, step-finish, patch | [43]assistant: step-start, tool:completed, step-finish, patch | [44]assistant: step-start, reasoning, text:"Now let me review the full diff and veri...", tool:completed, step-finish, patch | [45]assistant: step-start, reasoning, tool:completed, step-finish, patch | [46]assistant: step-start, reasoning, text:"The user's global gitignore hides `.envr...", tool:completed, step-finish, patch | [47]assistant: step-start, tool:completed, step-finish, patch | [48]assistant: step-start, reasoning, tool:completed, step-finish, patch | [49]assistant: step-start, reasoning, text:"Final verification: tree vs Appendix A, ...", tool:completed, step-finish, patch
[2026-07-10T14:02:34.568Z] message-hooks: post-filter, msgCount=50
[2026-07-10T14:02:34.568Z] message-hooks: about to search for OPENCODE_GENERIC
[2026-07-10T14:02:34.568Z] message-hooks: searching 50 messages for OPENCODE_GENERIC
[2026-07-10T14:02:34.568Z] message-hooks: generic search complete, found=false, index=-1
[2026-07-10T14:02:34.568Z] message-hooks: no generic part found, checking for pending prompt return
[2026-07-10T14:02:48.764Z] message-hooks: ENTRY msgCount=51, sessions=ses_0b3baeaa8ffee6iNcJxb6OpYKL
[2026-07-10T14:02:48.764Z] message-hooks: MESSAGES: [0]user: text:"implement .agents/specs/Shell-SPEC.md" | [1]assistant: step-start, reasoning, tool:completed, tool:completed, step-finish, patch | [2]assistant: step-start, reasoning, tool:completed, tool:completed, step-finish, patch | [3]assistant: step-start, reasoning, tool:completed, step-finish, patch | [4]assistant: step-start, reasoning, tool:completed, step-finish, patch | [5]assistant: step-start, reasoning, tool:completed, tool:completed, step-finish, patch | [6]assistant: step-start, reasoning, tool:completed, step-finish, patch | [7]assistant: step-start, reasoning, tool:completed, step-finish, patch | [8]assistant: step-start, reasoning, tool:completed, tool:completed, tool:completed, tool:completed, tool:completed, tool:completed, tool:completed, tool:completed, step-finish, patch | [9]assistant: step-start, reasoning, tool:completed, step-finish, patch | [10]assistant: step-start, reasoning, tool:completed, step-finish, patch | [11]assistant: step-start, reasoning, text:"Now let me create the doctor script, jus...", tool:completed, tool:completed, tool:completed, step-finish, patch | [12]assistant: step-start, reasoning, tool:completed, step-finish, patch | [13]assistant: step-start, reasoning, tool:error, step-finish, patch | [14]user: text:"<pty_exited>
ID: pty_574c69f3
Descriptio..." | [15]user: text:"i have keys already they are in sops/key..." | [16]assistant: step-start, reasoning, tool:completed, step-finish, patch | [17]assistant: step-start, reasoning, tool:completed, step-finish, patch | [18]assistant: step-start, reasoning, tool:completed, step-finish, patch | [19]assistant: step-start, tool:completed, step-finish, patch | [20]assistant: step-start, reasoning, tool:completed, step-finish, patch | [21]assistant: step-start, reasoning, tool:completed, step-finish, patch | [22]assistant: step-start, reasoning, text:"Encrypted profile works. Now the `.envrc...", tool:completed, tool:completed, step-finish, patch | [23]assistant: step-start, reasoning, tool:completed, step-finish, patch | [24]assistant: step-start, tool:completed, step-finish, patch | [25]assistant: step-start, reasoning, tool:completed, step-finish, patch | [26]assistant: step-start, reasoning, tool:completed, step-finish, patch | [27]assistant: step-start, tool:completed, step-finish, patch | [28]assistant: step-start, reasoning, text:"Now let me verify the foundation works e...", tool:completed, step-finish, patch | [29]assistant: step-start, reasoning, text:"Doctor works and correctly caught a drif...", tool:completed, step-finish, patch | [30]assistant: step-start, reasoning, text:"Found it: devbox's `rustup` package forc...", tool:completed, step-finish, patch | [31]assistant: step-start, reasoning, text:"The `env` override works but needs `just...", tool:completed, step-finish, patch | [32]assistant: step-start, reasoning, tool:completed, patch, step-finish | [33]assistant: step-start, reasoning, tool:completed, step-finish, patch | [34]assistant: step-start, reasoning, text:"Doctor is green. Now `just check` and `j...", tool:completed, step-finish, patch | [35]assistant: step-start, reasoning, tool:completed, step-finish, patch | [36]assistant: step-start, reasoning, text:"All three gates green. Now verify the se...", tool:completed, step-finish, patch | [37]assistant: step-start, reasoning, text:"The no-key test didn't trigger because t...", tool:completed, step-finish, patch | [38]assistant: step-start, reasoning, text:"Both failure paths are correct and redac...", tool:completed, step-finish, patch | [39]assistant: step-start, reasoning, text:"All gates green, offline-without-key con...", tool:completed, step-finish, patch | [40]assistant: step-start, reasoning, tool:completed, step-finish, patch | [41]assistant: step-start, tool:completed, step-finish, patch | [42]assistant: step-start, tool:completed, step-finish, patch | [43]assistant: step-start, tool:completed, step-finish, patch | [44]assistant: step-start, reasoning, text:"Now let me review the full diff and veri...", tool:completed, step-finish, patch | [45]assistant: step-start, reasoning, tool:completed, step-finish, patch | [46]assistant: step-start, reasoning, text:"The user's global gitignore hides `.envr...", tool:completed, step-finish, patch | [47]assistant: step-start, tool:completed, step-finish, patch | [48]assistant: step-start, reasoning, tool:completed, step-finish, patch | [49]assistant: step-start, reasoning, text:"Final verification: tree vs Appendix A, ...", tool:completed, step-finish, patch | [50]assistant: step-start, tool:completed, step-finish, patch
[2026-07-10T14:02:48.764Z] message-hooks: post-filter, msgCount=51
[2026-07-10T14:02:48.764Z] message-hooks: about to search for OPENCODE_GENERIC
[2026-07-10T14:02:48.764Z] message-hooks: searching 51 messages for OPENCODE_GENERIC
[2026-07-10T14:02:48.764Z] message-hooks: generic search complete, found=false, index=-1
[2026-07-10T14:02:48.764Z] message-hooks: no generic part found, checking for pending prompt return
[2026-07-10T14:03:22.011Z] message-hooks: ENTRY msgCount=52, sessions=ses_0b3baeaa8ffee6iNcJxb6OpYKL
[2026-07-10T14:03:22.011Z] message-hooks: MESSAGES: [0]user: text:"implement .agents/specs/Shell-SPEC.md" | [1]assistant: step-start, reasoning, tool:completed, tool:completed, step-finish, patch | [2]assistant: step-start, reasoning, tool:completed, tool:completed, step-finish, patch | [3]assistant: step-start, reasoning, tool:completed, step-finish, patch | [4]assistant: step-start, reasoning, tool:completed, step-finish, patch | [5]assistant: step-start, reasoning, tool:completed, tool:completed, step-finish, patch | [6]assistant: step-start, reasoning, tool:completed, step-finish, patch | [7]assistant: step-start, reasoning, tool:completed, step-finish, patch | [8]assistant: step-start, reasoning, tool:completed, tool:completed, tool:completed, tool:completed, tool:completed, tool:completed, tool:completed, tool:completed, step-finish, patch | [9]assistant: step-start, reasoning, tool:completed, step-finish, patch | [10]assistant: step-start, reasoning, tool:completed, step-finish, patch | [11]assistant: step-start, reasoning, text:"Now let me create the doctor script, jus...", tool:completed, tool:completed, tool:completed, step-finish, patch | [12]assistant: step-start, reasoning, tool:completed, step-finish, patch | [13]assistant: step-start, reasoning, tool:error, step-finish, patch | [14]user: text:"<pty_exited>
ID: pty_574c69f3
Descriptio..." | [15]user: text:"i have keys already they are in sops/key..." | [16]assistant: step-start, reasoning, tool:completed, step-finish, patch | [17]assistant: step-start, reasoning, tool:completed, step-finish, patch | [18]assistant: step-start, reasoning, tool:completed, step-finish, patch | [19]assistant: step-start, tool:completed, step-finish, patch | [20]assistant: step-start, reasoning, tool:completed, step-finish, patch | [21]assistant: step-start, reasoning, tool:completed, step-finish, patch | [22]assistant: step-start, reasoning, text:"Encrypted profile works. Now the `.envrc...", tool:completed, tool:completed, step-finish, patch | [23]assistant: step-start, reasoning, tool:completed, step-finish, patch | [24]assistant: step-start, tool:completed, step-finish, patch | [25]assistant: step-start, reasoning, tool:completed, step-finish, patch | [26]assistant: step-start, reasoning, tool:completed, step-finish, patch | [27]assistant: step-start, tool:completed, step-finish, patch | [28]assistant: step-start, reasoning, text:"Now let me verify the foundation works e...", tool:completed, step-finish, patch | [29]assistant: step-start, reasoning, text:"Doctor works and correctly caught a drif...", tool:completed, step-finish, patch | [30]assistant: step-start, reasoning, text:"Found it: devbox's `rustup` package forc...", tool:completed, step-finish, patch | [31]assistant: step-start, reasoning, text:"The `env` override works but needs `just...", tool:completed, step-finish, patch | [32]assistant: step-start, reasoning, tool:completed, patch, step-finish | [33]assistant: step-start, reasoning, tool:completed, step-finish, patch | [34]assistant: step-start, reasoning, text:"Doctor is green. Now `just check` and `j...", tool:completed, step-finish, patch | [35]assistant: step-start, reasoning, tool:completed, step-finish, patch | [36]assistant: step-start, reasoning, text:"All three gates green. Now verify the se...", tool:completed, step-finish, patch | [37]assistant: step-start, reasoning, text:"The no-key test didn't trigger because t...", tool:completed, step-finish, patch | [38]assistant: step-start, reasoning, text:"Both failure paths are correct and redac...", tool:completed, step-finish, patch | [39]assistant: step-start, reasoning, text:"All gates green, offline-without-key con...", tool:completed, step-finish, patch | [40]assistant: step-start, reasoning, tool:completed, step-finish, patch | [41]assistant: step-start, tool:completed, step-finish, patch | [42]assistant: step-start, tool:completed, step-finish, patch | [43]assistant: step-start, tool:completed, step-finish, patch | [44]assistant: step-start, reasoning, text:"Now let me review the full diff and veri...", tool:completed, step-finish, patch | [45]assistant: step-start, reasoning, tool:completed, step-finish, patch | [46]assistant: step-start, reasoning, text:"The user's global gitignore hides `.envr...", tool:completed, step-finish, patch | [47]assistant: step-start, tool:completed, step-finish, patch | [48]assistant: step-start, reasoning, tool:completed, step-finish, patch | [49]assistant: step-start, reasoning, text:"Final verification: tree vs Appendix A, ...", tool:completed, step-finish, patch | [50]assistant: step-start, tool:completed, step-finish, patch | [51]assistant: step-start, reasoning, text:"All green and idempotent. Let me verify ...", tool:completed, step-finish, patch
[2026-07-10T14:03:22.011Z] message-hooks: post-filter, msgCount=52
[2026-07-10T14:03:22.011Z] message-hooks: about to search for OPENCODE_GENERIC
[2026-07-10T14:03:22.011Z] message-hooks: searching 52 messages for OPENCODE_GENERIC
[2026-07-10T14:03:22.011Z] message-hooks: generic search complete, found=false, index=-1
[2026-07-10T14:03:22.011Z] message-hooks: no generic part found, checking for pending prompt return
[2026-07-10T14:03:37.699Z] message-hooks: ENTRY msgCount=53, sessions=ses_0b3baeaa8ffee6iNcJxb6OpYKL
[2026-07-10T14:03:37.699Z] message-hooks: MESSAGES: [0]user: text:"implement .agents/specs/Shell-SPEC.md" | [1]assistant: step-start, reasoning, tool:completed, tool:completed, step-finish, patch | [2]assistant: step-start, reasoning, tool:completed, tool:completed, step-finish, patch | [3]assistant: step-start, reasoning, tool:completed, step-finish, patch | [4]assistant: step-start, reasoning, tool:completed, step-finish, patch | [5]assistant: step-start, reasoning, tool:completed, tool:completed, step-finish, patch | [6]assistant: step-start, reasoning, tool:completed, step-finish, patch | [7]assistant: step-start, reasoning, tool:completed, step-finish, patch | [8]assistant: step-start, reasoning, tool:completed, tool:completed, tool:completed, tool:completed, tool:completed, tool:completed, tool:completed, tool:completed, step-finish, patch | [9]assistant: step-start, reasoning, tool:completed, step-finish, patch | [10]assistant: step-start, reasoning, tool:completed, step-finish, patch | [11]assistant: step-start, reasoning, text:"Now let me create the doctor script, jus...", tool:completed, tool:completed, tool:completed, step-finish, patch | [12]assistant: step-start, reasoning, tool:completed, step-finish, patch | [13]assistant: step-start, reasoning, tool:error, step-finish, patch | [14]user: text:"<pty_exited>
ID: pty_574c69f3
Descriptio..." | [15]user: text:"i have keys already they are in sops/key..." | [16]assistant: step-start, reasoning, tool:completed, step-finish, patch | [17]assistant: step-start, reasoning, tool:completed, step-finish, patch | [18]assistant: step-start, reasoning, tool:completed, step-finish, patch | [19]assistant: step-start, tool:completed, step-finish, patch | [20]assistant: step-start, reasoning, tool:completed, step-finish, patch | [21]assistant: step-start, reasoning, tool:completed, step-finish, patch | [22]assistant: step-start, reasoning, text:"Encrypted profile works. Now the `.envrc...", tool:completed, tool:completed, step-finish, patch | [23]assistant: step-start, reasoning, tool:completed, step-finish, patch | [24]assistant: step-start, tool:completed, step-finish, patch | [25]assistant: step-start, reasoning, tool:completed, step-finish, patch | [26]assistant: step-start, reasoning, tool:completed, step-finish, patch | [27]assistant: step-start, tool:completed, step-finish, patch | [28]assistant: step-start, reasoning, text:"Now let me verify the foundation works e...", tool:completed, step-finish, patch | [29]assistant: step-start, reasoning, text:"Doctor works and correctly caught a drif...", tool:completed, step-finish, patch | [30]assistant: step-start, reasoning, text:"Found it: devbox's `rustup` package forc...", tool:completed, step-finish, patch | [31]assistant: step-start, reasoning, text:"The `env` override works but needs `just...", tool:completed, step-finish, patch | [32]assistant: step-start, reasoning, tool:completed, patch, step-finish | [33]assistant: step-start, reasoning, tool:completed, step-finish, patch | [34]assistant: step-start, reasoning, text:"Doctor is green. Now `just check` and `j...", tool:completed, step-finish, patch | [35]assistant: step-start, reasoning, tool:completed, step-finish, patch | [36]assistant: step-start, reasoning, text:"All three gates green. Now verify the se...", tool:completed, step-finish, patch | [37]assistant: step-start, reasoning, text:"The no-key test didn't trigger because t...", tool:completed, step-finish, patch | [38]assistant: step-start, reasoning, text:"Both failure paths are correct and redac...", tool:completed, step-finish, patch | [39]assistant: step-start, reasoning, text:"All gates green, offline-without-key con...", tool:completed, step-finish, patch | [40]assistant: step-start, reasoning, tool:completed, step-finish, patch | [41]assistant: step-start, tool:completed, step-finish, patch | [42]assistant: step-start, tool:completed, step-finish, patch | [43]assistant: step-start, tool:completed, step-finish, patch | [44]assistant: step-start, reasoning, text:"Now let me review the full diff and veri...", tool:completed, step-finish, patch | [45]assistant: step-start, reasoning, tool:completed, step-finish, patch | [46]assistant: step-start, reasoning, text:"The user's global gitignore hides `.envr...", tool:completed, step-finish, patch | [47]assistant: step-start, tool:completed, step-finish, patch | [48]assistant: step-start, reasoning, tool:completed, step-finish, patch | [49]assistant: step-start, reasoning, text:"Final verification: tree vs Appendix A, ...", tool:completed, step-finish, patch | [50]assistant: step-start, tool:completed, step-finish, patch | [51]assistant: step-start, reasoning, text:"All green and idempotent. Let me verify ...", tool:completed, step-finish, patch | [52]assistant: step-start, reasoning, text:"Recipes aren't grouped yet (spec §10.2 r...", tool:completed, step-finish, patch
[2026-07-10T14:03:37.699Z] message-hooks: post-filter, msgCount=53
[2026-07-10T14:03:37.699Z] message-hooks: about to search for OPENCODE_GENERIC
[2026-07-10T14:03:37.699Z] message-hooks: searching 53 messages for OPENCODE_GENERIC
[2026-07-10T14:03:37.700Z] message-hooks: generic search complete, found=false, index=-1
[2026-07-10T14:03:37.700Z] message-hooks: no generic part found, checking for pending prompt return
[2026-07-10T14:03:48.117Z] message-hooks: ENTRY msgCount=54, sessions=ses_0b3baeaa8ffee6iNcJxb6OpYKL
[2026-07-10T14:03:48.117Z] message-hooks: MESSAGES: [0]user: text:"implement .agents/specs/Shell-SPEC.md" | [1]assistant: step-start, reasoning, tool:completed, tool:completed, step-finish, patch | [2]assistant: step-start, reasoning, tool:completed, tool:completed, step-finish, patch | [3]assistant: step-start, reasoning, tool:completed, step-finish, patch | [4]assistant: step-start, reasoning, tool:completed, step-finish, patch | [5]assistant: step-start, reasoning, tool:completed, tool:completed, step-finish, patch | [6]assistant: step-start, reasoning, tool:completed, step-finish, patch | [7]assistant: step-start, reasoning, tool:completed, step-finish, patch | [8]assistant: step-start, reasoning, tool:completed, tool:completed, tool:completed, tool:completed, tool:completed, tool:completed, tool:completed, tool:completed, step-finish, patch | [9]assistant: step-start, reasoning, tool:completed, step-finish, patch | [10]assistant: step-start, reasoning, tool:completed, step-finish, patch | [11]assistant: step-start, reasoning, text:"Now let me create the doctor script, jus...", tool:completed, tool:completed, tool:completed, step-finish, patch | [12]assistant: step-start, reasoning, tool:completed, step-finish, patch | [13]assistant: step-start, reasoning, tool:error, step-finish, patch | [14]user: text:"<pty_exited>
ID: pty_574c69f3
Descriptio..." | [15]user: text:"i have keys already they are in sops/key..." | [16]assistant: step-start, reasoning, tool:completed, step-finish, patch | [17]assistant: step-start, reasoning, tool:completed, step-finish, patch | [18]assistant: step-start, reasoning, tool:completed, step-finish, patch | [19]assistant: step-start, tool:completed, step-finish, patch | [20]assistant: step-start, reasoning, tool:completed, step-finish, patch | [21]assistant: step-start, reasoning, tool:completed, step-finish, patch | [22]assistant: step-start, reasoning, text:"Encrypted profile works. Now the `.envrc...", tool:completed, tool:completed, step-finish, patch | [23]assistant: step-start, reasoning, tool:completed, step-finish, patch | [24]assistant: step-start, tool:completed, step-finish, patch | [25]assistant: step-start, reasoning, tool:completed, step-finish, patch | [26]assistant: step-start, reasoning, tool:completed, step-finish, patch | [27]assistant: step-start, tool:completed, step-finish, patch | [28]assistant: step-start, reasoning, text:"Now let me verify the foundation works e...", tool:completed, step-finish, patch | [29]assistant: step-start, reasoning, text:"Doctor works and correctly caught a drif...", tool:completed, step-finish, patch | [30]assistant: step-start, reasoning, text:"Found it: devbox's `rustup` package forc...", tool:completed, step-finish, patch | [31]assistant: step-start, reasoning, text:"The `env` override works but needs `just...", tool:completed, step-finish, patch | [32]assistant: step-start, reasoning, tool:completed, patch, step-finish | [33]assistant: step-start, reasoning, tool:completed, step-finish, patch | [34]assistant: step-start, reasoning, text:"Doctor is green. Now `just check` and `j...", tool:completed, step-finish, patch | [35]assistant: step-start, reasoning, tool:completed, step-finish, patch | [36]assistant: step-start, reasoning, text:"All three gates green. Now verify the se...", tool:completed, step-finish, patch | [37]assistant: step-start, reasoning, text:"The no-key test didn't trigger because t...", tool:completed, step-finish, patch | [38]assistant: step-start, reasoning, text:"Both failure paths are correct and redac...", tool:completed, step-finish, patch | [39]assistant: step-start, reasoning, text:"All gates green, offline-without-key con...", tool:completed, step-finish, patch | [40]assistant: step-start, reasoning, tool:completed, step-finish, patch | [41]assistant: step-start, tool:completed, step-finish, patch | [42]assistant: step-start, tool:completed, step-finish, patch | [43]assistant: step-start, tool:completed, step-finish, patch | [44]assistant: step-start, reasoning, text:"Now let me review the full diff and veri...", tool:completed, step-finish, patch | [45]assistant: step-start, reasoning, tool:completed, step-finish, patch | [46]assistant: step-start, reasoning, text:"The user's global gitignore hides `.envr...", tool:completed, step-finish, patch | [47]assistant: step-start, tool:completed, step-finish, patch | [48]assistant: step-start, reasoning, tool:completed, step-finish, patch | [49]assistant: step-start, reasoning, text:"Final verification: tree vs Appendix A, ...", tool:completed, step-finish, patch | [50]assistant: step-start, tool:completed, step-finish, patch | [51]assistant: step-start, reasoning, text:"All green and idempotent. Let me verify ...", tool:completed, step-finish, patch | [52]assistant: step-start, reasoning, text:"Recipes aren't grouped yet (spec §10.2 r...", tool:completed, step-finish, patch | [53]assistant: step-start, tool:completed, step-finish, patch
[2026-07-10T14:03:48.117Z] message-hooks: post-filter, msgCount=54
[2026-07-10T14:03:48.117Z] message-hooks: about to search for OPENCODE_GENERIC
[2026-07-10T14:03:48.117Z] message-hooks: searching 54 messages for OPENCODE_GENERIC
[2026-07-10T14:03:48.117Z] message-hooks: generic search complete, found=false, index=-1
[2026-07-10T14:03:48.117Z] message-hooks: no generic part found, checking for pending prompt return
[2026-07-10T14:03:54.200Z] message-hooks: ENTRY msgCount=55, sessions=ses_0b3baeaa8ffee6iNcJxb6OpYKL
[2026-07-10T14:03:54.200Z] message-hooks: MESSAGES: [0]user: text:"implement .agents/specs/Shell-SPEC.md" | [1]assistant: step-start, reasoning, tool:completed, tool:completed, step-finish, patch | [2]assistant: step-start, reasoning, tool:completed, tool:completed, step-finish, patch | [3]assistant: step-start, reasoning, tool:completed, step-finish, patch | [4]assistant: step-start, reasoning, tool:completed, step-finish, patch | [5]assistant: step-start, reasoning, tool:completed, tool:completed, step-finish, patch | [6]assistant: step-start, reasoning, tool:completed, step-finish, patch | [7]assistant: step-start, reasoning, tool:completed, step-finish, patch | [8]assistant: step-start, reasoning, tool:completed, tool:completed, tool:completed, tool:completed, tool:completed, tool:completed, tool:completed, tool:completed, step-finish, patch | [9]assistant: step-start, reasoning, tool:completed, step-finish, patch | [10]assistant: step-start, reasoning, tool:completed, step-finish, patch | [11]assistant: step-start, reasoning, text:"Now let me create the doctor script, jus...", tool:completed, tool:completed, tool:completed, step-finish, patch | [12]assistant: step-start, reasoning, tool:completed, step-finish, patch | [13]assistant: step-start, reasoning, tool:error, step-finish, patch | [14]user: text:"<pty_exited>
ID: pty_574c69f3
Descriptio..." | [15]user: text:"i have keys already they are in sops/key..." | [16]assistant: step-start, reasoning, tool:completed, step-finish, patch | [17]assistant: step-start, reasoning, tool:completed, step-finish, patch | [18]assistant: step-start, reasoning, tool:completed, step-finish, patch | [19]assistant: step-start, tool:completed, step-finish, patch | [20]assistant: step-start, reasoning, tool:completed, step-finish, patch | [21]assistant: step-start, reasoning, tool:completed, step-finish, patch | [22]assistant: step-start, reasoning, text:"Encrypted profile works. Now the `.envrc...", tool:completed, tool:completed, step-finish, patch | [23]assistant: step-start, reasoning, tool:completed, step-finish, patch | [24]assistant: step-start, tool:completed, step-finish, patch | [25]assistant: step-start, reasoning, tool:completed, step-finish, patch | [26]assistant: step-start, reasoning, tool:completed, step-finish, patch | [27]assistant: step-start, tool:completed, step-finish, patch | [28]assistant: step-start, reasoning, text:"Now let me verify the foundation works e...", tool:completed, step-finish, patch | [29]assistant: step-start, reasoning, text:"Doctor works and correctly caught a drif...", tool:completed, step-finish, patch | [30]assistant: step-start, reasoning, text:"Found it: devbox's `rustup` package forc...", tool:completed, step-finish, patch | [31]assistant: step-start, reasoning, text:"The `env` override works but needs `just...", tool:completed, step-finish, patch | [32]assistant: step-start, reasoning, tool:completed, patch, step-finish | [33]assistant: step-start, reasoning, tool:completed, step-finish, patch | [34]assistant: step-start, reasoning, text:"Doctor is green. Now `just check` and `j...", tool:completed, step-finish, patch | [35]assistant: step-start, reasoning, tool:completed, step-finish, patch | [36]assistant: step-start, reasoning, text:"All three gates green. Now verify the se...", tool:completed, step-finish, patch | [37]assistant: step-start, reasoning, text:"The no-key test didn't trigger because t...", tool:completed, step-finish, patch | [38]assistant: step-start, reasoning, text:"Both failure paths are correct and redac...", tool:completed, step-finish, patch | [39]assistant: step-start, reasoning, text:"All gates green, offline-without-key con...", tool:completed, step-finish, patch | [40]assistant: step-start, reasoning, tool:completed, step-finish, patch | [41]assistant: step-start, tool:completed, step-finish, patch | [42]assistant: step-start, tool:completed, step-finish, patch | [43]assistant: step-start, tool:completed, step-finish, patch | [44]assistant: step-start, reasoning, text:"Now let me review the full diff and veri...", tool:completed, step-finish, patch | [45]assistant: step-start, reasoning, tool:completed, step-finish, patch | [46]assistant: step-start, reasoning, text:"The user's global gitignore hides `.envr...", tool:completed, step-finish, patch | [47]assistant: step-start, tool:completed, step-finish, patch | [48]assistant: step-start, reasoning, tool:completed, step-finish, patch | [49]assistant: step-start, reasoning, text:"Final verification: tree vs Appendix A, ...", tool:completed, step-finish, patch | [50]assistant: step-start, tool:completed, step-finish, patch | [51]assistant: step-start, reasoning, text:"All green and idempotent. Let me verify ...", tool:completed, step-finish, patch | [52]assistant: step-start, reasoning, text:"Recipes aren't grouped yet (spec §10.2 r...", tool:completed, step-finish, patch | [53]assistant: step-start, tool:completed, step-finish, patch | [54]assistant: step-start, tool:completed, step-finish, patch
[2026-07-10T14:03:54.200Z] message-hooks: post-filter, msgCount=55
[2026-07-10T14:03:54.200Z] message-hooks: about to search for OPENCODE_GENERIC
[2026-07-10T14:03:54.200Z] message-hooks: searching 55 messages for OPENCODE_GENERIC
[2026-07-10T14:03:54.200Z] message-hooks: generic search complete, found=false, index=-1
[2026-07-10T14:03:54.200Z] message-hooks: no generic part found, checking for pending prompt return
[2026-07-10T14:04:06.319Z] message-hooks: ENTRY msgCount=56, sessions=ses_0b3baeaa8ffee6iNcJxb6OpYKL
[2026-07-10T14:04:06.319Z] message-hooks: MESSAGES: [0]user: text:"implement .agents/specs/Shell-SPEC.md" | [1]assistant: step-start, reasoning, tool:completed, tool:completed, step-finish, patch | [2]assistant: step-start, reasoning, tool:completed, tool:completed, step-finish, patch | [3]assistant: step-start, reasoning, tool:completed, step-finish, patch | [4]assistant: step-start, reasoning, tool:completed, step-finish, patch | [5]assistant: step-start, reasoning, tool:completed, tool:completed, step-finish, patch | [6]assistant: step-start, reasoning, tool:completed, step-finish, patch | [7]assistant: step-start, reasoning, tool:completed, step-finish, patch | [8]assistant: step-start, reasoning, tool:completed, tool:completed, tool:completed, tool:completed, tool:completed, tool:completed, tool:completed, tool:completed, step-finish, patch | [9]assistant: step-start, reasoning, tool:completed, step-finish, patch | [10]assistant: step-start, reasoning, tool:completed, step-finish, patch | [11]assistant: step-start, reasoning, text:"Now let me create the doctor script, jus...", tool:completed, tool:completed, tool:completed, step-finish, patch | [12]assistant: step-start, reasoning, tool:completed, step-finish, patch | [13]assistant: step-start, reasoning, tool:error, step-finish, patch | [14]user: text:"<pty_exited>
ID: pty_574c69f3
Descriptio..." | [15]user: text:"i have keys already they are in sops/key..." | [16]assistant: step-start, reasoning, tool:completed, step-finish, patch | [17]assistant: step-start, reasoning, tool:completed, step-finish, patch | [18]assistant: step-start, reasoning, tool:completed, step-finish, patch | [19]assistant: step-start, tool:completed, step-finish, patch | [20]assistant: step-start, reasoning, tool:completed, step-finish, patch | [21]assistant: step-start, reasoning, tool:completed, step-finish, patch | [22]assistant: step-start, reasoning, text:"Encrypted profile works. Now the `.envrc...", tool:completed, tool:completed, step-finish, patch | [23]assistant: step-start, reasoning, tool:completed, step-finish, patch | [24]assistant: step-start, tool:completed, step-finish, patch | [25]assistant: step-start, reasoning, tool:completed, step-finish, patch | [26]assistant: step-start, reasoning, tool:completed, step-finish, patch | [27]assistant: step-start, tool:completed, step-finish, patch | [28]assistant: step-start, reasoning, text:"Now let me verify the foundation works e...", tool:completed, step-finish, patch | [29]assistant: step-start, reasoning, text:"Doctor works and correctly caught a drif...", tool:completed, step-finish, patch | [30]assistant: step-start, reasoning, text:"Found it: devbox's `rustup` package forc...", tool:completed, step-finish, patch | [31]assistant: step-start, reasoning, text:"The `env` override works but needs `just...", tool:completed, step-finish, patch | [32]assistant: step-start, reasoning, tool:completed, patch, step-finish | [33]assistant: step-start, reasoning, tool:completed, step-finish, patch | [34]assistant: step-start, reasoning, text:"Doctor is green. Now `just check` and `j...", tool:completed, step-finish, patch | [35]assistant: step-start, reasoning, tool:completed, step-finish, patch | [36]assistant: step-start, reasoning, text:"All three gates green. Now verify the se...", tool:completed, step-finish, patch | [37]assistant: step-start, reasoning, text:"The no-key test didn't trigger because t...", tool:completed, step-finish, patch | [38]assistant: step-start, reasoning, text:"Both failure paths are correct and redac...", tool:completed, step-finish, patch | [39]assistant: step-start, reasoning, text:"All gates green, offline-without-key con...", tool:completed, step-finish, patch | [40]assistant: step-start, reasoning, tool:completed, step-finish, patch | [41]assistant: step-start, tool:completed, step-finish, patch | [42]assistant: step-start, tool:completed, step-finish, patch | [43]assistant: step-start, tool:completed, step-finish, patch | [44]assistant: step-start, reasoning, text:"Now let me review the full diff and veri...", tool:completed, step-finish, patch | [45]assistant: step-start, reasoning, tool:completed, step-finish, patch | [46]assistant: step-start, reasoning, text:"The user's global gitignore hides `.envr...", tool:completed, step-finish, patch | [47]assistant: step-start, tool:completed, step-finish, patch | [48]assistant: step-start, reasoning, tool:completed, step-finish, patch | [49]assistant: step-start, reasoning, text:"Final verification: tree vs Appendix A, ...", tool:completed, step-finish, patch | [50]assistant: step-start, tool:completed, step-finish, patch | [51]assistant: step-start, reasoning, text:"All green and idempotent. Let me verify ...", tool:completed, step-finish, patch | [52]assistant: step-start, reasoning, text:"Recipes aren't grouped yet (spec §10.2 r...", tool:completed, step-finish, patch | [53]assistant: step-start, tool:completed, step-finish, patch | [54]assistant: step-start, tool:completed, step-finish, patch | [55]assistant: step-start, tool:completed, step-finish, patch
[2026-07-10T14:04:06.319Z] message-hooks: post-filter, msgCount=56
[2026-07-10T14:04:06.319Z] message-hooks: about to search for OPENCODE_GENERIC
[2026-07-10T14:04:06.319Z] message-hooks: searching 56 messages for OPENCODE_GENERIC
[2026-07-10T14:04:06.319Z] message-hooks: generic search complete, found=false, index=-1
[2026-07-10T14:04:06.320Z] message-hooks: no generic part found, checking for pending prompt return
[2026-07-10T14:04:14.559Z] message-hooks: ENTRY msgCount=57, sessions=ses_0b3baeaa8ffee6iNcJxb6OpYKL
[2026-07-10T14:04:14.559Z] message-hooks: MESSAGES: [0]user: text:"implement .agents/specs/Shell-SPEC.md" | [1]assistant: step-start, reasoning, tool:completed, tool:completed, step-finish, patch | [2]assistant: step-start, reasoning, tool:completed, tool:completed, step-finish, patch | [3]assistant: step-start, reasoning, tool:completed, step-finish, patch | [4]assistant: step-start, reasoning, tool:completed, step-finish, patch | [5]assistant: step-start, reasoning, tool:completed, tool:completed, step-finish, patch | [6]assistant: step-start, reasoning, tool:completed, step-finish, patch | [7]assistant: step-start, reasoning, tool:completed, step-finish, patch | [8]assistant: step-start, reasoning, tool:completed, tool:completed, tool:completed, tool:completed, tool:completed, tool:completed, tool:completed, tool:completed, step-finish, patch | [9]assistant: step-start, reasoning, tool:completed, step-finish, patch | [10]assistant: step-start, reasoning, tool:completed, step-finish, patch | [11]assistant: step-start, reasoning, text:"Now let me create the doctor script, jus...", tool:completed, tool:completed, tool:completed, step-finish, patch | [12]assistant: step-start, reasoning, tool:completed, step-finish, patch | [13]assistant: step-start, reasoning, tool:error, step-finish, patch | [14]user: text:"<pty_exited>
ID: pty_574c69f3
Descriptio..." | [15]user: text:"i have keys already they are in sops/key..." | [16]assistant: step-start, reasoning, tool:completed, step-finish, patch | [17]assistant: step-start, reasoning, tool:completed, step-finish, patch | [18]assistant: step-start, reasoning, tool:completed, step-finish, patch | [19]assistant: step-start, tool:completed, step-finish, patch | [20]assistant: step-start, reasoning, tool:completed, step-finish, patch | [21]assistant: step-start, reasoning, tool:completed, step-finish, patch | [22]assistant: step-start, reasoning, text:"Encrypted profile works. Now the `.envrc...", tool:completed, tool:completed, step-finish, patch | [23]assistant: step-start, reasoning, tool:completed, step-finish, patch | [24]assistant: step-start, tool:completed, step-finish, patch | [25]assistant: step-start, reasoning, tool:completed, step-finish, patch | [26]assistant: step-start, reasoning, tool:completed, step-finish, patch | [27]assistant: step-start, tool:completed, step-finish, patch | [28]assistant: step-start, reasoning, text:"Now let me verify the foundation works e...", tool:completed, step-finish, patch | [29]assistant: step-start, reasoning, text:"Doctor works and correctly caught a drif...", tool:completed, step-finish, patch | [30]assistant: step-start, reasoning, text:"Found it: devbox's `rustup` package forc...", tool:completed, step-finish, patch | [31]assistant: step-start, reasoning, text:"The `env` override works but needs `just...", tool:completed, step-finish, patch | [32]assistant: step-start, reasoning, tool:completed, patch, step-finish | [33]assistant: step-start, reasoning, tool:completed, step-finish, patch | [34]assistant: step-start, reasoning, text:"Doctor is green. Now `just check` and `j...", tool:completed, step-finish, patch | [35]assistant: step-start, reasoning, tool:completed, step-finish, patch | [36]assistant: step-start, reasoning, text:"All three gates green. Now verify the se...", tool:completed, step-finish, patch | [37]assistant: step-start, reasoning, text:"The no-key test didn't trigger because t...", tool:completed, step-finish, patch | [38]assistant: step-start, reasoning, text:"Both failure paths are correct and redac...", tool:completed, step-finish, patch | [39]assistant: step-start, reasoning, text:"All gates green, offline-without-key con...", tool:completed, step-finish, patch | [40]assistant: step-start, reasoning, tool:completed, step-finish, patch | [41]assistant: step-start, tool:completed, step-finish, patch | [42]assistant: step-start, tool:completed, step-finish, patch | [43]assistant: step-start, tool:completed, step-finish, patch | [44]assistant: step-start, reasoning, text:"Now let me review the full diff and veri...", tool:completed, step-finish, patch | [45]assistant: step-start, reasoning, tool:completed, step-finish, patch | [46]assistant: step-start, reasoning, text:"The user's global gitignore hides `.envr...", tool:completed, step-finish, patch | [47]assistant: step-start, tool:completed, step-finish, patch | [48]assistant: step-start, reasoning, tool:completed, step-finish, patch | [49]assistant: step-start, reasoning, text:"Final verification: tree vs Appendix A, ...", tool:completed, step-finish, patch | [50]assistant: step-start, tool:completed, step-finish, patch | [51]assistant: step-start, reasoning, text:"All green and idempotent. Let me verify ...", tool:completed, step-finish, patch | [52]assistant: step-start, reasoning, text:"Recipes aren't grouped yet (spec §10.2 r...", tool:completed, step-finish, patch | [53]assistant: step-start, tool:completed, step-finish, patch | [54]assistant: step-start, tool:completed, step-finish, patch | [55]assistant: step-start, tool:completed, step-finish, patch | [56]assistant: step-start, tool:completed, step-finish, patch
[2026-07-10T14:04:14.559Z] message-hooks: post-filter, msgCount=57
[2026-07-10T14:04:14.559Z] message-hooks: about to search for OPENCODE_GENERIC
[2026-07-10T14:04:14.559Z] message-hooks: searching 57 messages for OPENCODE_GENERIC
[2026-07-10T14:04:14.559Z] message-hooks: generic search complete, found=false, index=-1
[2026-07-10T14:04:14.559Z] message-hooks: no generic part found, checking for pending prompt return
[2026-07-10T14:04:20.751Z] message-hooks: ENTRY msgCount=58, sessions=ses_0b3baeaa8ffee6iNcJxb6OpYKL
[2026-07-10T14:04:20.751Z] message-hooks: MESSAGES: [0]user: text:"implement .agents/specs/Shell-SPEC.md" | [1]assistant: step-start, reasoning, tool:completed, tool:completed, step-finish, patch | [2]assistant: step-start, reasoning, tool:completed, tool:completed, step-finish, patch | [3]assistant: step-start, reasoning, tool:completed, step-finish, patch | [4]assistant: step-start, reasoning, tool:completed, step-finish, patch | [5]assistant: step-start, reasoning, tool:completed, tool:completed, step-finish, patch | [6]assistant: step-start, reasoning, tool:completed, step-finish, patch | [7]assistant: step-start, reasoning, tool:completed, step-finish, patch | [8]assistant: step-start, reasoning, tool:completed, tool:completed, tool:completed, tool:completed, tool:completed, tool:completed, tool:completed, tool:completed, step-finish, patch | [9]assistant: step-start, reasoning, tool:completed, step-finish, patch | [10]assistant: step-start, reasoning, tool:completed, step-finish, patch | [11]assistant: step-start, reasoning, text:"Now let me create the doctor script, jus...", tool:completed, tool:completed, tool:completed, step-finish, patch | [12]assistant: step-start, reasoning, tool:completed, step-finish, patch | [13]assistant: step-start, reasoning, tool:error, step-finish, patch | [14]user: text:"<pty_exited>
ID: pty_574c69f3
Descriptio..." | [15]user: text:"i have keys already they are in sops/key..." | [16]assistant: step-start, reasoning, tool:completed, step-finish, patch | [17]assistant: step-start, reasoning, tool:completed, step-finish, patch | [18]assistant: step-start, reasoning, tool:completed, step-finish, patch | [19]assistant: step-start, tool:completed, step-finish, patch | [20]assistant: step-start, reasoning, tool:completed, step-finish, patch | [21]assistant: step-start, reasoning, tool:completed, step-finish, patch | [22]assistant: step-start, reasoning, text:"Encrypted profile works. Now the `.envrc...", tool:completed, tool:completed, step-finish, patch | [23]assistant: step-start, reasoning, tool:completed, step-finish, patch | [24]assistant: step-start, tool:completed, step-finish, patch | [25]assistant: step-start, reasoning, tool:completed, step-finish, patch | [26]assistant: step-start, reasoning, tool:completed, step-finish, patch | [27]assistant: step-start, tool:completed, step-finish, patch | [28]assistant: step-start, reasoning, text:"Now let me verify the foundation works e...", tool:completed, step-finish, patch | [29]assistant: step-start, reasoning, text:"Doctor works and correctly caught a drif...", tool:completed, step-finish, patch | [30]assistant: step-start, reasoning, text:"Found it: devbox's `rustup` package forc...", tool:completed, step-finish, patch | [31]assistant: step-start, reasoning, text:"The `env` override works but needs `just...", tool:completed, step-finish, patch | [32]assistant: step-start, reasoning, tool:completed, patch, step-finish | [33]assistant: step-start, reasoning, tool:completed, step-finish, patch | [34]assistant: step-start, reasoning, text:"Doctor is green. Now `just check` and `j...", tool:completed, step-finish, patch | [35]assistant: step-start, reasoning, tool:completed, step-finish, patch | [36]assistant: step-start, reasoning, text:"All three gates green. Now verify the se...", tool:completed, step-finish, patch | [37]assistant: step-start, reasoning, text:"The no-key test didn't trigger because t...", tool:completed, step-finish, patch | [38]assistant: step-start, reasoning, text:"Both failure paths are correct and redac...", tool:completed, step-finish, patch | [39]assistant: step-start, reasoning, text:"All gates green, offline-without-key con...", tool:completed, step-finish, patch | [40]assistant: step-start, reasoning, tool:completed, step-finish, patch | [41]assistant: step-start, tool:completed, step-finish, patch | [42]assistant: step-start, tool:completed, step-finish, patch | [43]assistant: step-start, tool:completed, step-finish, patch | [44]assistant: step-start, reasoning, text:"Now let me review the full diff and veri...", tool:completed, step-finish, patch | [45]assistant: step-start, reasoning, tool:completed, step-finish, patch | [46]assistant: step-start, reasoning, text:"The user's global gitignore hides `.envr...", tool:completed, step-finish, patch | [47]assistant: step-start, tool:completed, step-finish, patch | [48]assistant: step-start, reasoning, tool:completed, step-finish, patch | [49]assistant: step-start, reasoning, text:"Final verification: tree vs Appendix A, ...", tool:completed, step-finish, patch | [50]assistant: step-start, tool:completed, step-finish, patch | [51]assistant: step-start, reasoning, text:"All green and idempotent. Let me verify ...", tool:completed, step-finish, patch | [52]assistant: step-start, reasoning, text:"Recipes aren't grouped yet (spec §10.2 r...", tool:completed, step-finish, patch | [53]assistant: step-start, tool:completed, step-finish, patch | [54]assistant: step-start, tool:completed, step-finish, patch | [55]assistant: step-start, tool:completed, step-finish, patch | [56]assistant: step-start, tool:completed, step-finish, patch | [57]assistant: step-start, tool:completed, step-finish, patch
[2026-07-10T14:04:20.751Z] message-hooks: post-filter, msgCount=58
[2026-07-10T14:04:20.751Z] message-hooks: about to search for OPENCODE_GENERIC
[2026-07-10T14:04:20.751Z] message-hooks: searching 58 messages for OPENCODE_GENERIC
[2026-07-10T14:04:20.751Z] message-hooks: generic search complete, found=false, index=-1
[2026-07-10T14:04:20.751Z] message-hooks: no generic part found, checking for pending prompt return
[2026-07-10T14:04:29.653Z] message-hooks: ENTRY msgCount=59, sessions=ses_0b3baeaa8ffee6iNcJxb6OpYKL
[2026-07-10T14:04:29.653Z] message-hooks: MESSAGES: [0]user: text:"implement .agents/specs/Shell-SPEC.md" | [1]assistant: step-start, reasoning, tool:completed, tool:completed, step-finish, patch | [2]assistant: step-start, reasoning, tool:completed, tool:completed, step-finish, patch | [3]assistant: step-start, reasoning, tool:completed, step-finish, patch | [4]assistant: step-start, reasoning, tool:completed, step-finish, patch | [5]assistant: step-start, reasoning, tool:completed, tool:completed, step-finish, patch | [6]assistant: step-start, reasoning, tool:completed, step-finish, patch | [7]assistant: step-start, reasoning, tool:completed, step-finish, patch | [8]assistant: step-start, reasoning, tool:completed, tool:completed, tool:completed, tool:completed, tool:completed, tool:completed, tool:completed, tool:completed, step-finish, patch | [9]assistant: step-start, reasoning, tool:completed, step-finish, patch | [10]assistant: step-start, reasoning, tool:completed, step-finish, patch | [11]assistant: step-start, reasoning, text:"Now let me create the doctor script, jus...", tool:completed, tool:completed, tool:completed, step-finish, patch | [12]assistant: step-start, reasoning, tool:completed, step-finish, patch | [13]assistant: step-start, reasoning, tool:error, step-finish, patch | [14]user: text:"<pty_exited>
ID: pty_574c69f3
Descriptio..." | [15]user: text:"i have keys already they are in sops/key..." | [16]assistant: step-start, reasoning, tool:completed, step-finish, patch | [17]assistant: step-start, reasoning, tool:completed, step-finish, patch | [18]assistant: step-start, reasoning, tool:completed, step-finish, patch | [19]assistant: step-start, tool:completed, step-finish, patch | [20]assistant: step-start, reasoning, tool:completed, step-finish, patch | [21]assistant: step-start, reasoning, tool:completed, step-finish, patch | [22]assistant: step-start, reasoning, text:"Encrypted profile works. Now the `.envrc...", tool:completed, tool:completed, step-finish, patch | [23]assistant: step-start, reasoning, tool:completed, step-finish, patch | [24]assistant: step-start, tool:completed, step-finish, patch | [25]assistant: step-start, reasoning, tool:completed, step-finish, patch | [26]assistant: step-start, reasoning, tool:completed, step-finish, patch | [27]assistant: step-start, tool:completed, step-finish, patch | [28]assistant: step-start, reasoning, text:"Now let me verify the foundation works e...", tool:completed, step-finish, patch | [29]assistant: step-start, reasoning, text:"Doctor works and correctly caught a drif...", tool:completed, step-finish, patch | [30]assistant: step-start, reasoning, text:"Found it: devbox's `rustup` package forc...", tool:completed, step-finish, patch | [31]assistant: step-start, reasoning, text:"The `env` override works but needs `just...", tool:completed, step-finish, patch | [32]assistant: step-start, reasoning, tool:completed, patch, step-finish | [33]assistant: step-start, reasoning, tool:completed, step-finish, patch | [34]assistant: step-start, reasoning, text:"Doctor is green. Now `just check` and `j...", tool:completed, step-finish, patch | [35]assistant: step-start, reasoning, tool:completed, step-finish, patch | [36]assistant: step-start, reasoning, text:"All three gates green. Now verify the se...", tool:completed, step-finish, patch | [37]assistant: step-start, reasoning, text:"The no-key test didn't trigger because t...", tool:completed, step-finish, patch | [38]assistant: step-start, reasoning, text:"Both failure paths are correct and redac...", tool:completed, step-finish, patch | [39]assistant: step-start, reasoning, text:"All gates green, offline-without-key con...", tool:completed, step-finish, patch | [40]assistant: step-start, reasoning, tool:completed, step-finish, patch | [41]assistant: step-start, tool:completed, step-finish, patch | [42]assistant: step-start, tool:completed, step-finish, patch | [43]assistant: step-start, tool:completed, step-finish, patch | [44]assistant: step-start, reasoning, text:"Now let me review the full diff and veri...", tool:completed, step-finish, patch | [45]assistant: step-start, reasoning, tool:completed, step-finish, patch | [46]assistant: step-start, reasoning, text:"The user's global gitignore hides `.envr...", tool:completed, step-finish, patch | [47]assistant: step-start, tool:completed, step-finish, patch | [48]assistant: step-start, reasoning, tool:completed, step-finish, patch | [49]assistant: step-start, reasoning, text:"Final verification: tree vs Appendix A, ...", tool:completed, step-finish, patch | [50]assistant: step-start, tool:completed, step-finish, patch | [51]assistant: step-start, reasoning, text:"All green and idempotent. Let me verify ...", tool:completed, step-finish, patch | [52]assistant: step-start, reasoning, text:"Recipes aren't grouped yet (spec §10.2 r...", tool:completed, step-finish, patch | [53]assistant: step-start, tool:completed, step-finish, patch | [54]assistant: step-start, tool:completed, step-finish, patch | [55]assistant: step-start, tool:completed, step-finish, patch | [56]assistant: step-start, tool:completed, step-finish, patch | [57]assistant: step-start, tool:completed, step-finish, patch | [58]assistant: step-start, tool:completed, step-finish, patch
[2026-07-10T14:04:29.653Z] message-hooks: post-filter, msgCount=59
[2026-07-10T14:04:29.653Z] message-hooks: about to search for OPENCODE_GENERIC
[2026-07-10T14:04:29.653Z] message-hooks: searching 59 messages for OPENCODE_GENERIC
[2026-07-10T14:04:29.653Z] message-hooks: generic search complete, found=false, index=-1
[2026-07-10T14:04:29.653Z] message-hooks: no generic part found, checking for pending prompt return
[2026-07-10T14:04:34.663Z] message-hooks: ENTRY msgCount=60, sessions=ses_0b3baeaa8ffee6iNcJxb6OpYKL
[2026-07-10T14:04:34.663Z] message-hooks: MESSAGES: [0]user: text:"implement .agents/specs/Shell-SPEC.md" | [1]assistant: step-start, reasoning, tool:completed, tool:completed, step-finish, patch | [2]assistant: step-start, reasoning, tool:completed, tool:completed, step-finish, patch | [3]assistant: step-start, reasoning, tool:completed, step-finish, patch | [4]assistant: step-start, reasoning, tool:completed, step-finish, patch | [5]assistant: step-start, reasoning, tool:completed, tool:completed, step-finish, patch | [6]assistant: step-start, reasoning, tool:completed, step-finish, patch | [7]assistant: step-start, reasoning, tool:completed, step-finish, patch | [8]assistant: step-start, reasoning, tool:completed, tool:completed, tool:completed, tool:completed, tool:completed, tool:completed, tool:completed, tool:completed, step-finish, patch | [9]assistant: step-start, reasoning, tool:completed, step-finish, patch | [10]assistant: step-start, reasoning, tool:completed, step-finish, patch | [11]assistant: step-start, reasoning, text:"Now let me create the doctor script, jus...", tool:completed, tool:completed, tool:completed, step-finish, patch | [12]assistant: step-start, reasoning, tool:completed, step-finish, patch | [13]assistant: step-start, reasoning, tool:error, step-finish, patch | [14]user: text:"<pty_exited>
ID: pty_574c69f3
Descriptio..." | [15]user: text:"i have keys already they are in sops/key..." | [16]assistant: step-start, reasoning, tool:completed, step-finish, patch | [17]assistant: step-start, reasoning, tool:completed, step-finish, patch | [18]assistant: step-start, reasoning, tool:completed, step-finish, patch | [19]assistant: step-start, tool:completed, step-finish, patch | [20]assistant: step-start, reasoning, tool:completed, step-finish, patch | [21]assistant: step-start, reasoning, tool:completed, step-finish, patch | [22]assistant: step-start, reasoning, text:"Encrypted profile works. Now the `.envrc...", tool:completed, tool:completed, step-finish, patch | [23]assistant: step-start, reasoning, tool:completed, step-finish, patch | [24]assistant: step-start, tool:completed, step-finish, patch | [25]assistant: step-start, reasoning, tool:completed, step-finish, patch | [26]assistant: step-start, reasoning, tool:completed, step-finish, patch | [27]assistant: step-start, tool:completed, step-finish, patch | [28]assistant: step-start, reasoning, text:"Now let me verify the foundation works e...", tool:completed, step-finish, patch | [29]assistant: step-start, reasoning, text:"Doctor works and correctly caught a drif...", tool:completed, step-finish, patch | [30]assistant: step-start, reasoning, text:"Found it: devbox's `rustup` package forc...", tool:completed, step-finish, patch | [31]assistant: step-start, reasoning, text:"The `env` override works but needs `just...", tool:completed, step-finish, patch | [32]assistant: step-start, reasoning, tool:completed, patch, step-finish | [33]assistant: step-start, reasoning, tool:completed, step-finish, patch | [34]assistant: step-start, reasoning, text:"Doctor is green. Now `just check` and `j...", tool:completed, step-finish, patch | [35]assistant: step-start, reasoning, tool:completed, step-finish, patch | [36]assistant: step-start, reasoning, text:"All three gates green. Now verify the se...", tool:completed, step-finish, patch | [37]assistant: step-start, reasoning, text:"The no-key test didn't trigger because t...", tool:completed, step-finish, patch | [38]assistant: step-start, reasoning, text:"Both failure paths are correct and redac...", tool:completed, step-finish, patch | [39]assistant: step-start, reasoning, text:"All gates green, offline-without-key con...", tool:completed, step-finish, patch | [40]assistant: step-start, reasoning, tool:completed, step-finish, patch | [41]assistant: step-start, tool:completed, step-finish, patch | [42]assistant: step-start, tool:completed, step-finish, patch | [43]assistant: step-start, tool:completed, step-finish, patch | [44]assistant: step-start, reasoning, text:"Now let me review the full diff and veri...", tool:completed, step-finish, patch | [45]assistant: step-start, reasoning, tool:completed, step-finish, patch | [46]assistant: step-start, reasoning, text:"The user's global gitignore hides `.envr...", tool:completed, step-finish, patch | [47]assistant: step-start, tool:completed, step-finish, patch | [48]assistant: step-start, reasoning, tool:completed, step-finish, patch | [49]assistant: step-start, reasoning, text:"Final verification: tree vs Appendix A, ...", tool:completed, step-finish, patch | [50]assistant: step-start, tool:completed, step-finish, patch | [51]assistant: step-start, reasoning, text:"All green and idempotent. Let me verify ...", tool:completed, step-finish, patch | [52]assistant: step-start, reasoning, text:"Recipes aren't grouped yet (spec §10.2 r...", tool:completed, step-finish, patch | [53]assistant: step-start, tool:completed, step-finish, patch | [54]assistant: step-start, tool:completed, step-finish, patch | [55]assistant: step-start, tool:completed, step-finish, patch | [56]assistant: step-start, tool:completed, step-finish, patch | [57]assistant: step-start, tool:completed, step-finish, patch | [58]assistant: step-start, tool:completed, step-finish, patch | [59]assistant: step-start, tool:completed, step-finish, patch
[2026-07-10T14:04:34.663Z] message-hooks: post-filter, msgCount=60
[2026-07-10T14:04:34.663Z] message-hooks: about to search for OPENCODE_GENERIC
[2026-07-10T14:04:34.663Z] message-hooks: searching 60 messages for OPENCODE_GENERIC
[2026-07-10T14:04:34.663Z] message-hooks: generic search complete, found=false, index=-1
[2026-07-10T14:04:34.663Z] message-hooks: no generic part found, checking for pending prompt return
[2026-07-10T14:04:50.201Z] message-hooks: ENTRY msgCount=61, sessions=ses_0b3baeaa8ffee6iNcJxb6OpYKL
[2026-07-10T14:04:50.201Z] message-hooks: MESSAGES: [0]user: text:"implement .agents/specs/Shell-SPEC.md" | [1]assistant: step-start, reasoning, tool:completed, tool:completed, step-finish, patch | [2]assistant: step-start, reasoning, tool:completed, tool:completed, step-finish, patch | [3]assistant: step-start, reasoning, tool:completed, step-finish, patch | [4]assistant: step-start, reasoning, tool:completed, step-finish, patch | [5]assistant: step-start, reasoning, tool:completed, tool:completed, step-finish, patch | [6]assistant: step-start, reasoning, tool:completed, step-finish, patch | [7]assistant: step-start, reasoning, tool:completed, step-finish, patch | [8]assistant: step-start, reasoning, tool:completed, tool:completed, tool:completed, tool:completed, tool:completed, tool:completed, tool:completed, tool:completed, step-finish, patch | [9]assistant: step-start, reasoning, tool:completed, step-finish, patch | [10]assistant: step-start, reasoning, tool:completed, step-finish, patch | [11]assistant: step-start, reasoning, text:"Now let me create the doctor script, jus...", tool:completed, tool:completed, tool:completed, step-finish, patch | [12]assistant: step-start, reasoning, tool:completed, step-finish, patch | [13]assistant: step-start, reasoning, tool:error, step-finish, patch | [14]user: text:"<pty_exited>
ID: pty_574c69f3
Descriptio..." | [15]user: text:"i have keys already they are in sops/key..." | [16]assistant: step-start, reasoning, tool:completed, step-finish, patch | [17]assistant: step-start, reasoning, tool:completed, step-finish, patch | [18]assistant: step-start, reasoning, tool:completed, step-finish, patch | [19]assistant: step-start, tool:completed, step-finish, patch | [20]assistant: step-start, reasoning, tool:completed, step-finish, patch | [21]assistant: step-start, reasoning, tool:completed, step-finish, patch | [22]assistant: step-start, reasoning, text:"Encrypted profile works. Now the `.envrc...", tool:completed, tool:completed, step-finish, patch | [23]assistant: step-start, reasoning, tool:completed, step-finish, patch | [24]assistant: step-start, tool:completed, step-finish, patch | [25]assistant: step-start, reasoning, tool:completed, step-finish, patch | [26]assistant: step-start, reasoning, tool:completed, step-finish, patch | [27]assistant: step-start, tool:completed, step-finish, patch | [28]assistant: step-start, reasoning, text:"Now let me verify the foundation works e...", tool:completed, step-finish, patch | [29]assistant: step-start, reasoning, text:"Doctor works and correctly caught a drif...", tool:completed, step-finish, patch | [30]assistant: step-start, reasoning, text:"Found it: devbox's `rustup` package forc...", tool:completed, step-finish, patch | [31]assistant: step-start, reasoning, text:"The `env` override works but needs `just...", tool:completed, step-finish, patch | [32]assistant: step-start, reasoning, tool:completed, patch, step-finish | [33]assistant: step-start, reasoning, tool:completed, step-finish, patch | [34]assistant: step-start, reasoning, text:"Doctor is green. Now `just check` and `j...", tool:completed, step-finish, patch | [35]assistant: step-start, reasoning, tool:completed, step-finish, patch | [36]assistant: step-start, reasoning, text:"All three gates green. Now verify the se...", tool:completed, step-finish, patch | [37]assistant: step-start, reasoning, text:"The no-key test didn't trigger because t...", tool:completed, step-finish, patch | [38]assistant: step-start, reasoning, text:"Both failure paths are correct and redac...", tool:completed, step-finish, patch | [39]assistant: step-start, reasoning, text:"All gates green, offline-without-key con...", tool:completed, step-finish, patch | [40]assistant: step-start, reasoning, tool:completed, step-finish, patch | [41]assistant: step-start, tool:completed, step-finish, patch | [42]assistant: step-start, tool:completed, step-finish, patch | [43]assistant: step-start, tool:completed, step-finish, patch | [44]assistant: step-start, reasoning, text:"Now let me review the full diff and veri...", tool:completed, step-finish, patch | [45]assistant: step-start, reasoning, tool:completed, step-finish, patch | [46]assistant: step-start, reasoning, text:"The user's global gitignore hides `.envr...", tool:completed, step-finish, patch | [47]assistant: step-start, tool:completed, step-finish, patch | [48]assistant: step-start, reasoning, tool:completed, step-finish, patch | [49]assistant: step-start, reasoning, text:"Final verification: tree vs Appendix A, ...", tool:completed, step-finish, patch | [50]assistant: step-start, tool:completed, step-finish, patch | [51]assistant: step-start, reasoning, text:"All green and idempotent. Let me verify ...", tool:completed, step-finish, patch | [52]assistant: step-start, reasoning, text:"Recipes aren't grouped yet (spec §10.2 r...", tool:completed, step-finish, patch | [53]assistant: step-start, tool:completed, step-finish, patch | [54]assistant: step-start, tool:completed, step-finish, patch | [55]assistant: step-start, tool:completed, step-finish, patch | [56]assistant: step-start, tool:completed, step-finish, patch | [57]assistant: step-start, tool:completed, step-finish, patch | [58]assistant: step-start, tool:completed, step-finish, patch | [59]assistant: step-start, tool:completed, step-finish, patch | [60]assistant: step-start, reasoning, tool:completed, step-finish, patch
[2026-07-10T14:04:50.202Z] message-hooks: post-filter, msgCount=61
[2026-07-10T14:04:50.202Z] message-hooks: about to search for OPENCODE_GENERIC
[2026-07-10T14:04:50.202Z] message-hooks: searching 61 messages for OPENCODE_GENERIC
[2026-07-10T14:04:50.202Z] message-hooks: generic search complete, found=false, index=-1
[2026-07-10T14:04:50.202Z] message-hooks: no generic part found, checking for pending prompt return
[2026-07-10T14:05:00.917Z] message-hooks: ENTRY msgCount=62, sessions=ses_0b3baeaa8ffee6iNcJxb6OpYKL
[2026-07-10T14:05:00.917Z] message-hooks: MESSAGES: [0]user: text:"implement .agents/specs/Shell-SPEC.md" | [1]assistant: step-start, reasoning, tool:completed, tool:completed, step-finish, patch | [2]assistant: step-start, reasoning, tool:completed, tool:completed, step-finish, patch | [3]assistant: step-start, reasoning, tool:completed, step-finish, patch | [4]assistant: step-start, reasoning, tool:completed, step-finish, patch | [5]assistant: step-start, reasoning, tool:completed, tool:completed, step-finish, patch | [6]assistant: step-start, reasoning, tool:completed, step-finish, patch | [7]assistant: step-start, reasoning, tool:completed, step-finish, patch | [8]assistant: step-start, reasoning, tool:completed, tool:completed, tool:completed, tool:completed, tool:completed, tool:completed, tool:completed, tool:completed, step-finish, patch | [9]assistant: step-start, reasoning, tool:completed, step-finish, patch | [10]assistant: step-start, reasoning, tool:completed, step-finish, patch | [11]assistant: step-start, reasoning, text:"Now let me create the doctor script, jus...", tool:completed, tool:completed, tool:completed, step-finish, patch | [12]assistant: step-start, reasoning, tool:completed, step-finish, patch | [13]assistant: step-start, reasoning, tool:error, step-finish, patch | [14]user: text:"<pty_exited>
ID: pty_574c69f3
Descriptio..." | [15]user: text:"i have keys already they are in sops/key..." | [16]assistant: step-start, reasoning, tool:completed, step-finish, patch | [17]assistant: step-start, reasoning, tool:completed, step-finish, patch | [18]assistant: step-start, reasoning, tool:completed, step-finish, patch | [19]assistant: step-start, tool:completed, step-finish, patch | [20]assistant: step-start, reasoning, tool:completed, step-finish, patch | [21]assistant: step-start, reasoning, tool:completed, step-finish, patch | [22]assistant: step-start, reasoning, text:"Encrypted profile works. Now the `.envrc...", tool:completed, tool:completed, step-finish, patch | [23]assistant: step-start, reasoning, tool:completed, step-finish, patch | [24]assistant: step-start, tool:completed, step-finish, patch | [25]assistant: step-start, reasoning, tool:completed, step-finish, patch | [26]assistant: step-start, reasoning, tool:completed, step-finish, patch | [27]assistant: step-start, tool:completed, step-finish, patch | [28]assistant: step-start, reasoning, text:"Now let me verify the foundation works e...", tool:completed, step-finish, patch | [29]assistant: step-start, reasoning, text:"Doctor works and correctly caught a drif...", tool:completed, step-finish, patch | [30]assistant: step-start, reasoning, text:"Found it: devbox's `rustup` package forc...", tool:completed, step-finish, patch | [31]assistant: step-start, reasoning, text:"The `env` override works but needs `just...", tool:completed, step-finish, patch | [32]assistant: step-start, reasoning, tool:completed, patch, step-finish | [33]assistant: step-start, reasoning, tool:completed, step-finish, patch | [34]assistant: step-start, reasoning, text:"Doctor is green. Now `just check` and `j...", tool:completed, step-finish, patch | [35]assistant: step-start, reasoning, tool:completed, step-finish, patch | [36]assistant: step-start, reasoning, text:"All three gates green. Now verify the se...", tool:completed, step-finish, patch | [37]assistant: step-start, reasoning, text:"The no-key test didn't trigger because t...", tool:completed, step-finish, patch | [38]assistant: step-start, reasoning, text:"Both failure paths are correct and redac...", tool:completed, step-finish, patch | [39]assistant: step-start, reasoning, text:"All gates green, offline-without-key con...", tool:completed, step-finish, patch | [40]assistant: step-start, reasoning, tool:completed, step-finish, patch | [41]assistant: step-start, tool:completed, step-finish, patch | [42]assistant: step-start, tool:completed, step-finish, patch | [43]assistant: step-start, tool:completed, step-finish, patch | [44]assistant: step-start, reasoning, text:"Now let me review the full diff and veri...", tool:completed, step-finish, patch | [45]assistant: step-start, reasoning, tool:completed, step-finish, patch | [46]assistant: step-start, reasoning, text:"The user's global gitignore hides `.envr...", tool:completed, step-finish, patch | [47]assistant: step-start, tool:completed, step-finish, patch | [48]assistant: step-start, reasoning, tool:completed, step-finish, patch | [49]assistant: step-start, reasoning, text:"Final verification: tree vs Appendix A, ...", tool:completed, step-finish, patch | [50]assistant: step-start, tool:completed, step-finish, patch | [51]assistant: step-start, reasoning, text:"All green and idempotent. Let me verify ...", tool:completed, step-finish, patch | [52]assistant: step-start, reasoning, text:"Recipes aren't grouped yet (spec §10.2 r...", tool:completed, step-finish, patch | [53]assistant: step-start, tool:completed, step-finish, patch | [54]assistant: step-start, tool:completed, step-finish, patch | [55]assistant: step-start, tool:completed, step-finish, patch | [56]assistant: step-start, tool:completed, step-finish, patch | [57]assistant: step-start, tool:completed, step-finish, patch | [58]assistant: step-start, tool:completed, step-finish, patch | [59]assistant: step-start, tool:completed, step-finish, patch | [60]assistant: step-start, reasoning, tool:completed, step-finish, patch | [61]assistant: step-start, reasoning, text:"Grouped and green. Let me do a final dif...", tool:completed, step-finish, patch
[2026-07-10T14:05:00.917Z] message-hooks: post-filter, msgCount=62
[2026-07-10T14:05:00.917Z] message-hooks: about to search for OPENCODE_GENERIC
[2026-07-10T14:05:00.917Z] message-hooks: searching 62 messages for OPENCODE_GENERIC
[2026-07-10T14:05:00.917Z] message-hooks: generic search complete, found=false, index=-1
[2026-07-10T14:05:00.917Z] message-hooks: no generic part found, checking for pending prompt return
[2026-07-10T14:07:21.441Z] message-hooks: ENTRY msgCount=63, sessions=ses_0b3baeaa8ffee6iNcJxb6OpYKL
[2026-07-10T14:07:21.442Z] message-hooks: MESSAGES: [0]user: text:"implement .agents/specs/Shell-SPEC.md" | [1]assistant: step-start, reasoning, tool:completed, tool:completed, step-finish, patch | [2]assistant: step-start, reasoning, tool:completed, tool:completed, step-finish, patch | [3]assistant: step-start, reasoning, tool:completed, step-finish, patch | [4]assistant: step-start, reasoning, tool:completed, step-finish, patch | [5]assistant: step-start, reasoning, tool:completed, tool:completed, step-finish, patch | [6]assistant: step-start, reasoning, tool:completed, step-finish, patch | [7]assistant: step-start, reasoning, tool:completed, step-finish, patch | [8]assistant: step-start, reasoning, tool:completed, tool:completed, tool:completed, tool:completed, tool:completed, tool:completed, tool:completed, tool:completed, step-finish, patch | [9]assistant: step-start, reasoning, tool:completed, step-finish, patch | [10]assistant: step-start, reasoning, tool:completed, step-finish, patch | [11]assistant: step-start, reasoning, text:"Now let me create the doctor script, jus...", tool:completed, tool:completed, tool:completed, step-finish, patch | [12]assistant: step-start, reasoning, tool:completed, step-finish, patch | [13]assistant: step-start, reasoning, tool:error, step-finish, patch | [14]user: text:"<pty_exited>
ID: pty_574c69f3
Descriptio..." | [15]user: text:"i have keys already they are in sops/key..." | [16]assistant: step-start, reasoning, tool:completed, step-finish, patch | [17]assistant: step-start, reasoning, tool:completed, step-finish, patch | [18]assistant: step-start, reasoning, tool:completed, step-finish, patch | [19]assistant: step-start, tool:completed, step-finish, patch | [20]assistant: step-start, reasoning, tool:completed, step-finish, patch | [21]assistant: step-start, reasoning, tool:completed, step-finish, patch | [22]assistant: step-start, reasoning, text:"Encrypted profile works. Now the `.envrc...", tool:completed, tool:completed, step-finish, patch | [23]assistant: step-start, reasoning, tool:completed, step-finish, patch | [24]assistant: step-start, tool:completed, step-finish, patch | [25]assistant: step-start, reasoning, tool:completed, step-finish, patch | [26]assistant: step-start, reasoning, tool:completed, step-finish, patch | [27]assistant: step-start, tool:completed, step-finish, patch | [28]assistant: step-start, reasoning, text:"Now let me verify the foundation works e...", tool:completed, step-finish, patch | [29]assistant: step-start, reasoning, text:"Doctor works and correctly caught a drif...", tool:completed, step-finish, patch | [30]assistant: step-start, reasoning, text:"Found it: devbox's `rustup` package forc...", tool:completed, step-finish, patch | [31]assistant: step-start, reasoning, text:"The `env` override works but needs `just...", tool:completed, step-finish, patch | [32]assistant: step-start, reasoning, tool:completed, patch, step-finish | [33]assistant: step-start, reasoning, tool:completed, step-finish, patch | [34]assistant: step-start, reasoning, text:"Doctor is green. Now `just check` and `j...", tool:completed, step-finish, patch | [35]assistant: step-start, reasoning, tool:completed, step-finish, patch | [36]assistant: step-start, reasoning, text:"All three gates green. Now verify the se...", tool:completed, step-finish, patch | [37]assistant: step-start, reasoning, text:"The no-key test didn't trigger because t...", tool:completed, step-finish, patch | [38]assistant: step-start, reasoning, text:"Both failure paths are correct and redac...", tool:completed, step-finish, patch | [39]assistant: step-start, reasoning, text:"All gates green, offline-without-key con...", tool:completed, step-finish, patch | [40]assistant: step-start, reasoning, tool:completed, step-finish, patch | [41]assistant: step-start, tool:completed, step-finish, patch | [42]assistant: step-start, tool:completed, step-finish, patch | [43]assistant: step-start, tool:completed, step-finish, patch | [44]assistant: step-start, reasoning, text:"Now let me review the full diff and veri...", tool:completed, step-finish, patch | [45]assistant: step-start, reasoning, tool:completed, step-finish, patch | [46]assistant: step-start, reasoning, text:"The user's global gitignore hides `.envr...", tool:completed, step-finish, patch | [47]assistant: step-start, tool:completed, step-finish, patch | [48]assistant: step-start, reasoning, tool:completed, step-finish, patch | [49]assistant: step-start, reasoning, text:"Final verification: tree vs Appendix A, ...", tool:completed, step-finish, patch | [50]assistant: step-start, tool:completed, step-finish, patch | [51]assistant: step-start, reasoning, text:"All green and idempotent. Let me verify ...", tool:completed, step-finish, patch | [52]assistant: step-start, reasoning, text:"Recipes aren't grouped yet (spec §10.2 r...", tool:completed, step-finish, patch | [53]assistant: step-start, tool:completed, step-finish, patch | [54]assistant: step-start, tool:completed, step-finish, patch | [55]assistant: step-start, tool:completed, step-finish, patch | [56]assistant: step-start, tool:completed, step-finish, patch | [57]assistant: step-start, tool:completed, step-finish, patch | [58]assistant: step-start, tool:completed, step-finish, patch | [59]assistant: step-start, tool:completed, step-finish, patch | [60]assistant: step-start, reasoning, tool:completed, step-finish, patch | [61]assistant: step-start, reasoning, text:"Grouped and green. Let me do a final dif...", tool:completed, step-finish, patch | [62]assistant: step-start, reasoning, tool:completed, step-finish, patch
[2026-07-10T14:07:21.442Z] message-hooks: post-filter, msgCount=63
[2026-07-10T14:07:21.442Z] message-hooks: about to search for OPENCODE_GENERIC
[2026-07-10T14:07:21.442Z] message-hooks: searching 63 messages for OPENCODE_GENERIC
[2026-07-10T14:07:21.442Z] message-hooks: generic search complete, found=false, index=-1
[2026-07-10T14:07:21.442Z] message-hooks: no generic part found, checking for pending prompt return
[2026-07-10T14:07:32.819Z] message-hooks: ENTRY msgCount=64, sessions=ses_0b3baeaa8ffee6iNcJxb6OpYKL
[2026-07-10T14:07:32.819Z] message-hooks: MESSAGES: [0]user: text:"implement .agents/specs/Shell-SPEC.md" | [1]assistant: step-start, reasoning, tool:completed, tool:completed, step-finish, patch | [2]assistant: step-start, reasoning, tool:completed, tool:completed, step-finish, patch | [3]assistant: step-start, reasoning, tool:completed, step-finish, patch | [4]assistant: step-start, reasoning, tool:completed, step-finish, patch | [5]assistant: step-start, reasoning, tool:completed, tool:completed, step-finish, patch | [6]assistant: step-start, reasoning, tool:completed, step-finish, patch | [7]assistant: step-start, reasoning, tool:completed, step-finish, patch | [8]assistant: step-start, reasoning, tool:completed, tool:completed, tool:completed, tool:completed, tool:completed, tool:completed, tool:completed, tool:completed, step-finish, patch | [9]assistant: step-start, reasoning, tool:completed, step-finish, patch | [10]assistant: step-start, reasoning, tool:completed, step-finish, patch | [11]assistant: step-start, reasoning, text:"Now let me create the doctor script, jus...", tool:completed, tool:completed, tool:completed, step-finish, patch | [12]assistant: step-start, reasoning, tool:completed, step-finish, patch | [13]assistant: step-start, reasoning, tool:error, step-finish, patch | [14]user: text:"<pty_exited>
ID: pty_574c69f3
Descriptio..." | [15]user: text:"i have keys already they are in sops/key..." | [16]assistant: step-start, reasoning, tool:completed, step-finish, patch | [17]assistant: step-start, reasoning, tool:completed, step-finish, patch | [18]assistant: step-start, reasoning, tool:completed, step-finish, patch | [19]assistant: step-start, tool:completed, step-finish, patch | [20]assistant: step-start, reasoning, tool:completed, step-finish, patch | [21]assistant: step-start, reasoning, tool:completed, step-finish, patch | [22]assistant: step-start, reasoning, text:"Encrypted profile works. Now the `.envrc...", tool:completed, tool:completed, step-finish, patch | [23]assistant: step-start, reasoning, tool:completed, step-finish, patch | [24]assistant: step-start, tool:completed, step-finish, patch | [25]assistant: step-start, reasoning, tool:completed, step-finish, patch | [26]assistant: step-start, reasoning, tool:completed, step-finish, patch | [27]assistant: step-start, tool:completed, step-finish, patch | [28]assistant: step-start, reasoning, text:"Now let me verify the foundation works e...", tool:completed, step-finish, patch | [29]assistant: step-start, reasoning, text:"Doctor works and correctly caught a drif...", tool:completed, step-finish, patch | [30]assistant: step-start, reasoning, text:"Found it: devbox's `rustup` package forc...", tool:completed, step-finish, patch | [31]assistant: step-start, reasoning, text:"The `env` override works but needs `just...", tool:completed, step-finish, patch | [32]assistant: step-start, reasoning, tool:completed, patch, step-finish | [33]assistant: step-start, reasoning, tool:completed, step-finish, patch | [34]assistant: step-start, reasoning, text:"Doctor is green. Now `just check` and `j...", tool:completed, step-finish, patch | [35]assistant: step-start, reasoning, tool:completed, step-finish, patch | [36]assistant: step-start, reasoning, text:"All three gates green. Now verify the se...", tool:completed, step-finish, patch | [37]assistant: step-start, reasoning, text:"The no-key test didn't trigger because t...", tool:completed, step-finish, patch | [38]assistant: step-start, reasoning, text:"Both failure paths are correct and redac...", tool:completed, step-finish, patch | [39]assistant: step-start, reasoning, text:"All gates green, offline-without-key con...", tool:completed, step-finish, patch | [40]assistant: step-start, reasoning, tool:completed, step-finish, patch | [41]assistant: step-start, tool:completed, step-finish, patch | [42]assistant: step-start, tool:completed, step-finish, patch | [43]assistant: step-start, tool:completed, step-finish, patch | [44]assistant: step-start, reasoning, text:"Now let me review the full diff and veri...", tool:completed, step-finish, patch | [45]assistant: step-start, reasoning, tool:completed, step-finish, patch | [46]assistant: step-start, reasoning, text:"The user's global gitignore hides `.envr...", tool:completed, step-finish, patch | [47]assistant: step-start, tool:completed, step-finish, patch | [48]assistant: step-start, reasoning, tool:completed, step-finish, patch | [49]assistant: step-start, reasoning, text:"Final verification: tree vs Appendix A, ...", tool:completed, step-finish, patch | [50]assistant: step-start, tool:completed, step-finish, patch | [51]assistant: step-start, reasoning, text:"All green and idempotent. Let me verify ...", tool:completed, step-finish, patch | [52]assistant: step-start, reasoning, text:"Recipes aren't grouped yet (spec §10.2 r...", tool:completed, step-finish, patch | [53]assistant: step-start, tool:completed, step-finish, patch | [54]assistant: step-start, tool:completed, step-finish, patch | [55]assistant: step-start, tool:completed, step-finish, patch | [56]assistant: step-start, tool:completed, step-finish, patch | [57]assistant: step-start, tool:completed, step-finish, patch | [58]assistant: step-start, tool:completed, step-finish, patch | [59]assistant: step-start, tool:completed, step-finish, patch | [60]assistant: step-start, reasoning, tool:completed, step-finish, patch | [61]assistant: step-start, reasoning, text:"Grouped and green. Let me do a final dif...", tool:completed, step-finish, patch | [62]assistant: step-start, reasoning, tool:completed, step-finish, patch | [63]assistant: step-start, reasoning, text:"The `--no-git` scan timed out scanning `...", tool:completed, step-finish, patch
[2026-07-10T14:07:32.819Z] message-hooks: post-filter, msgCount=64
[2026-07-10T14:07:32.819Z] message-hooks: about to search for OPENCODE_GENERIC
[2026-07-10T14:07:32.819Z] message-hooks: searching 64 messages for OPENCODE_GENERIC
[2026-07-10T14:07:32.819Z] message-hooks: generic search complete, found=false, index=-1
[2026-07-10T14:07:32.819Z] message-hooks: no generic part found, checking for pending prompt return
[2026-07-10T14:08:03.639Z] session.idle: sessionID=ses_0b3baeaa8ffee6iNcJxb6OpYKL
